page,clicks,impressions,ctr,position
https://vakiltech.in/,447,53397,0.8371256812180459,4.494803078824653
https://vakiltech.in/send-legal-notice,1273,49330,2.5805797689033043,6.0684167849179
https://vakiltech.in/send-legal-notice/criminal-defamation-legal-notice,248,38989,0.6360768421862576,4.795788555746492
https://vakiltech.in/send-legal-notice/legal-notice-for-money-recovery,360,31371,1.1475566606101175,3.2532912562557774
https://vakiltech.in/send-legal-notice/cheque-bounce-legal-notice,157,16856,0.9314190792596109,5.926079734219269
https://vakiltech.in/blogs/section-356-bns-defamation-law-india,77,14675,0.524701873935264,5.928381601362862
https://vakiltech.in/blogs/money-recovery-legal-notice-format-sample,401,14022,2.859791755812295,4.981172443303381
https://vakiltech.in/send-legal-notice/,243,11380,2.1353251318101933,4.45659050966608
https://vakiltech.in/send-legal-notice/consumer-complaint-legal-notice,106,7368,1.4386536373507057,5.880293159609121
https://vakiltech.in/blogs/money-recovery-complete-guide-india,24,3453,0.6950477845351868,4.114682884448306
https://vakiltech.in/send-a-legal-notice,169,2651,6.374952847981893,6.296491889852886
https://vakiltech.in/blogs/how-to-send-legal-notice-in-india,3,2296,0.13066202090592335,5.73911149825784
https://vakiltech.in/blogs/money-recovery-legal-notice-cost-timeline,24,2203,1.0894235133908308,3.431684067181117
https://vakiltech.in/send-legal-notice/legal-notice-to-tenant,34,2012,1.6898608349900597,3.834493041749503
https://vakiltech.in/legal-consultation,16,2006,0.7976071784646062,4.310069790628116
https://vakiltech.in/send-legal-notice/maintenance-legal-notice,29,1749,1.6580903373356204,4.378502001143511
https://vakiltech.in/send-legal-notice/breach-of-contract-legal-notice,9,1612,0.5583126550868486,4.879652605459057
https://vakiltech.in/send-legal-notice/workplace-harassment-legal-notice,16,1605,0.9968847352024922,3.7065420560747664
https://vakiltech.in/legal-drafts-bundle,122,1339,9.111277072442121,6.172516803584765
https://vakiltech.in/send-a-legal-notice/,37,1336,2.769461077844311,4.333832335329341
https://vakiltech.in/about,9,1168,0.7705479452054794,4.705479452054794
https://vakiltech.in/send-legal-notice/legal-notice-for-unpaid-salary,5,1098,0.45537340619307837,5.532786885245901
https://vakiltech.in/blogs/what-happens-after-money-recovery-notice,13,903,1.4396456256921373,4.726467331118494
https://vakiltech.in/agreement-drafting,15,819,1.8315018315018317,7.435897435897436
https://vakiltech.in/send-legal-notice/amenities-society-builder,11,758,1.4511873350923483,4.4762532981530345
https://vakiltech.in/blogs/when-to-send-money-recovery-legal-notice,7,714,0.9803921568627451,3.7661064425770308
https://vakiltech.in/send-legal-notice/legal-notice-to-tenant/hyderabad,16,597,2.680067001675042,5.80569514237856
https://vakiltech.in/send-legal-notice/demand-notice-recovery-of-money/solapur,7,587,1.192504258943782,7.674616695059625
https://vakiltech.in/legal-notice-strength,10,585,1.7094017094017095,4.871794871794872
https://vakiltech.in/send-legal-notice/domestic-violence-legal-notice,15,560,2.6785714285714284,4.289285714285715
https://vakiltech.in/send-legal-notice/legal-notice-to-tenant/bangalore,15,475,3.1578947368421053,5.425263157894737
https://www.vakiltech.in/send-legal-notice/legal-notice-for-outstanding-payment,15,467,3.2119914346895073,5.890792291220556
https://vakiltech.in/itr-filing,5,431,1.160092807424594,11.51508120649652
https://vakiltech.in/send-legal-notice/builder-delay-possession/bangalore,4,402,0.9950248756218906,4.509950248756219
https://vakiltech.in/send-legal-notice/criminal-intimidation,10,400,2.5,5.0125
https://vakiltech.in/fssai-registration,1,399,0.2506265664160401,40.41353383458647
https://vakiltech.in/trade-license,6,394,1.5228426395939088,9.928934010152284
https://vakiltech.in/send-legal-notice/employee-misconduct/bangalore,6,385,1.5584415584415585,7.394805194805195
https://vakiltech.in/send-legal-notice/legal-notice-for-money-recovery/bangalore,4,337,1.1869436201780417,5.364985163204747
https://vakiltech.in/send-legal-notice/amenities-society-builder/mumbai,5,322,1.5527950310559007,7.319875776397516
https://vakiltech.in/send-legal-notice/legal-notice-to-tenant/chennai,9,316,2.848101265822785,5.386075949367089
https://vakiltech.in/send-legal-notice/defamation,4,307,1.3029315960912053,6.82084690553746
https://vakiltech.in/about-us/,2,261,0.7662835249042145,2.7586206896551726
https://vakiltech.in/send-legal-notice/security-deposit-recovery/aurangabad,6,252,2.380952380952381,6.936507936507937
https://vakiltech.in/send-legal-notice/legal-notice-to-tenant/mumbai,9,246,3.6585365853658534,5.727642276422764
https://vakiltech.in/send-legal-notice/legal-notice-for-divorce,1,230,0.43478260869565216,9.143478260869566
https://vakiltech.in/send-legal-notice/legal-notice-to-tenant/delhi,4,213,1.8779342723004695,8.92488262910798
https://vakiltech.in/send-legal-notice/legal-notice-for-money-recovery/chennai,4,206,1.9417475728155338,6.718446601941747
https://vakiltech.in/gst-registration,2,206,0.9708737864077669,8.446601941747574
https://vakiltech.in/send-legal-notice/cheque-bounce-legal-notice/hyderabad,2,192,1.0416666666666665,6.838541666666667
https://vakiltech.in/send-legal-notice/legal-notice-for-money-recovery/delhi,3,182,1.6483516483516485,9.263736263736265
https://vakiltech.in/services/,3,174,1.7241379310344827,2.8563218390804597
https://vakiltech.in/send-legal-notice/tenant-property-damage/delhi,3,173,1.7341040462427744,8.271676300578035
https://vakiltech.in/send-legal-notice/non-payment-salary-benefits/chandigarh,4,170,2.3529411764705883,8.952941176470588
https://vakiltech.in/contact-us,9,164,5.487804878048781,2.9146341463414633
https://vakiltech.in/send-legal-notice/child-custody-legal-notice,13,156,8.333333333333332,3.871794871794872
https://vakiltech.in/send-legal-notice/cheque-bounce-legal-notice/bangalore,5,156,3.205128205128205,5.884615384615385
https://vakiltech.in/terms-of-use,0,156,0,1.3076923076923077
https://vakiltech.in/refund-policy,2,155,1.2903225806451613,1.6258064516129034
https://vakiltech.in/send-legal-notice/notice-to-government/bangalore,4,144,2.7777777777777777,6.861111111111111
https://vakiltech.in/home/,3,144,2.083333333333333,3.3958333333333335
https://vakiltech.in/blogs/cheque-bounce-legal-notice-guide,0,142,0,9.5
https://vakiltech.in/send-legal-notice/legal-notice-to-builder,1,132,0.7575757575757576,5.818181818181818
https://vakiltech.in/blogs,0,129,0,3.0232558139534884
https://vakiltech.in/send-legal-notice/legal-notice-for-outstanding-payment,3,124,2.4193548387096775,7.120967741935484
https://vakiltech.in/send-legal-notice/breach-of-contract/hyderabad,0,116,0,1.706896551724138
https://vakiltech.in/3500-legal-drafts-templates-bundle,21,115,18.26086956521739,9.773913043478261
https://vakiltech.in/send-legal-notice/criminal-defamation/coimbatore,0,110,0,6.2272727272727275
https://vakiltech.in/send-legal-notice/encroachment-trespassing/rajkot,1,108,0.9259259259259258,8.166666666666668
https://vakiltech.in/agreement-drafting/employment-agreement,2,101,1.9801980198019802,8.722772277227723
https://vakiltech.in/send-legal-notice/eviction-legal-notice,0,98,0,13.948979591836734
https://vakiltech.in/send-legal-notice/legal-notice-for-money-recovery/mumbai,6,97,6.185567010309279,8.288659793814432
https://vakiltech.in/send-legal-notice/bank-loan-settlement/thane,3,92,3.260869565217391,6.195652173913044
https://vakiltech.in/send-a-legal-notice/landlord-repairs,2,83,2.4096385542168677,3.3132530120481927
https://vakiltech.in/3500-legal-drafts-templates-gold-edition/,9,81,11.11111111111111,4.172839506172839
https://vakiltech.in/agreement-drafting/rental-agreement,1,74,1.3513513513513513,6.824324324324325
https://vakiltech.in/send-legal-notice/notice-to-government/lucknow,1,71,1.4084507042253522,4.422535211267606
https://vakiltech.in/send-legal-notice/demand-notice-recovery-of-money/mumbai,3,69,4.3478260869565215,5.159420289855072
https://vakiltech.in/document-drafting,0,68,0,15.823529411764707
https://vakiltech.in/send-legal-notice/restitution-conjugal-rights/vijayawada,4,60,6.666666666666667,7.6
https://vakiltech.in/contact,1,60,1.6666666666666667,4.133333333333333
https://vakiltech.in/send-legal-notice/security-deposit-recovery/hyderabad,4,59,6.779661016949152,5.491525423728813
https://vakiltech.in/blogs/property-disputes-india-complete-guide,0,59,0,18.864406779661017
https://vakiltech.in/legal-notice-assistance/,0,59,0,5.728813559322034
https://vakiltech.in/guides,1,58,1.7241379310344827,2.2586206896551726
https://vakiltech.in/send-legal-notice/cheque-bounce-sec-138/pimpri-chinchwad,0,58,0,4.103448275862069
https://vakiltech.in/send-legal-notice/zepto,2,56,3.571428571428571,7.357142857142857
https://vakiltech.in/send-legal-notice/stop-illegal-construction/lucknow,0,51,0,7.019607843137255
https://vakiltech.in/send-legal-notice/security-deposit-recovery/chandigarh,5,50,10.0,7.82
https://vakiltech.in/send-legal-notice/criminal-intimidation/jodhpur,2,50,4.0,4.42
https://vakiltech.in/send-legal-notice/bank-loan-settlement,6,48,12.5,6.833333333333333
https://vakiltech.in/send-legal-notice/bank-loan-settlement/bhopal,1,48,2.083333333333333,4.416666666666666
https://vakiltech.in/send-legal-notice/amenities-society-builder/hyderabad,0,46,0,7.565217391304348
https://vakiltech.in/send-legal-notice/possession-of-property/pune,2,45,4.444444444444445,6.822222222222222
https://vakiltech.in/send-legal-notice/cyber-defamation/bangalore,1,45,2.2222222222222223,5.822222222222222
https://vakiltech.in/terms-conditions-of-use/,1,45,2.2222222222222223,5.666666666666667
https://vakiltech.in/legal-notice-outdated/,1,44,2.272727272727273,3.5
https://vakiltech.in/send-legal-notice/recovery-company-assets/raipur,1,43,2.3255813953488373,5.27906976744186
https://vakiltech.in/blogs/tenant-eviction-legal-notice,0,43,0,8.302325581395348
https://vakiltech.in/send-legal-notice/violation-of-nda/srinagar,0,40,0,28.45
https://vakiltech.in/send-legal-notice/defamation/guwahati,0,39,0,5.128205128205129
https://vakiltech.in/send-legal-notice/absenteeism-negligence,0,38,0,8.447368421052632
https://www.vakiltech.in/legal-drafts-bundle,4,37,10.81081081081081,5.945945945945946
https://vakiltech.in/send-legal-notice/possession-of-property/howrah,0,36,0,6.5
https://vakiltech.in/send-legal-notice/unpaid-salary-wages/delhi,0,36,0,6.583333333333333
https://vakiltech.in/send-legal-notice/harassment-threats/bangalore,2,35,5.714285714285714,4.885714285714286
https://vakiltech.in/send-legal-notice/criminal-defamation/chandigarh,1,35,2.857142857142857,9
https://vakiltech.in/send-legal-notice/in/patna,1,35,2.857142857142857,4.057142857142857
https://vakiltech.in/legal-consultation/,0,35,0,1.0857142857142856
https://vakiltech.in/blogs/legal-notice-fees-india,0,34,0,7.176470588235294
https://vakiltech.in/send-legal-notice/bank-loan-settlement/chennai,0,34,0,6.147058823529412
https://vakiltech.in/send-legal-notice/specific-performance/bhopal,0,34,0,7.470588235294118
https://vakiltech.in/send-legal-notice/builder-delay-possession/mumbai,1,33,3.0303030303030303,5.333333333333333
https://vakiltech.in/send-legal-notice/tenant-eviction/vasai-virar,1,33,3.0303030303030303,5.242424242424242
https://vakiltech.in/send-legal-notice/workplace-harassment/chandigarh,1,33,3.0303030303030303,6.363636363636363
https://vakiltech.in/send-legal-notice/legal-notice-for-cruelty-or-desertion,2,32,6.25,5.5
https://vakiltech.in/send-legal-notice/recovery-tenant-landlord/chennai,2,32,6.25,5.71875
https://vakiltech.in/contact/,1,32,3.125,1.40625
https://vakiltech.in/business-hr-toolkit-bundle/,0,32,0,7.4375
https://vakiltech.in/send-legal-notice/flipkart,0,32,0,6.15625
https://vakiltech.in/send-legal-notice/deficiency-in-service/guwahati,1,31,3.225806451612903,5.193548387096774
https://vakiltech.in/send-legal-notice/criminal-defamation/kanpur,0,31,0,10.129032258064516
https://vakiltech.in/send-legal-notice/recovery-tenant-landlord/patna,0,30,0,5.666666666666667
https://vakiltech.in/send-legal-notice/professional-fees-recovery/coimbatore,3,29,10.344827586206897,4.793103448275862
https://vakiltech.in/send-legal-notice/breach-employment-contract/hyderabad,0,28,0,6.357142857142857
https://vakiltech.in/send-legal-notice/property-partition/madurai,3,27,11.11111111111111,7.222222222222222
https://vakiltech.in/send-legal-notice/cheque-bounce-legal-notice/mumbai,1,26,3.8461538461538463,6.423076923076923
https://vakiltech.in/send-legal-notice/encroachment-trespassing/coimbatore,1,26,3.8461538461538463,6
https://vakiltech.in/send-legal-notice/employee-misconduct/delhi,0,26,0,9.615384615384615
https://vakiltech.in/send-legal-notice/specific-performance/coimbatore,0,26,0,8.346153846153847
https://vakiltech.in/refund-policy/,0,25,0,4.84
https://vakiltech.in/send-legal-notice/defamation/allahabad,0,25,0,7.12
https://vakiltech.in/send-legal-notice/unpaid-salary-wages/aurangabad,0,25,0,4.8
https://vakiltech.in/send-legal-notice/property-partition/coimbatore,1,24,4.166666666666666,5.916666666666667
https://vakiltech.in/send-legal-notice/arbitration-clause/chandigarh,0,24,0,7.041666666666667
https://vakiltech.in/send-legal-notice/myntra,2,23,8.695652173913043,6.260869565217392
https://vakiltech.in/send-legal-notice/tenant-non-payment/mumbai,2,23,8.695652173913043,6.304347826086956
https://vakiltech.in/send-legal-notice/recovery-supply-of-goods/chandigarh,1,23,4.3478260869565215,6.869565217391305
https://vakiltech.in/need-legal-help-in-siliguri/,0,23,0,5.695652173913044
https://vakiltech.in/send-legal-notice/divorce/ludhiana,0,23,0,8.391304347826086
https://vakiltech.in/send-legal-notice/recovery-of-advance-payment/indore,0,23,0,10.173913043478262
https://vakiltech.in/send-legal-notice/data-privacy-breach/chandigarh,1,22,4.545454545454546,5
https://vakiltech.in/send-legal-notice/copyright-trademark/madurai,0,22,0,10.818181818181818
https://vakiltech.in/send-legal-notice/in/chandigarh,0,22,0,7.363636363636363
https://vakiltech.in/send-legal-notice/professional-fees-recovery/srinagar,0,22,0,3.9545454545454546
https://vakiltech.in/send-legal-notice/defamation/pune,1,21,4.761904761904762,13.619047619047619
https://vakiltech.in/send-legal-notice/divorce/madurai,1,21,4.761904761904762,8.19047619047619
https://vakiltech.in/send-legal-notice/cheque-bounce-legal-notice/delhi,0,21,0,16.666666666666664
https://vakiltech.in/send-legal-notice/criminal-defamation/vijayawada,0,21,0,6.619047619047619
https://vakiltech.in/send-legal-notice/nykaa,0,21,0,6.714285714285714
https://vakiltech.in/send-legal-notice/deficiency-in-service/chandigarh,4,20,20.0,9.55
https://vakiltech.in/elementor-landing-page-1761/,0,20,0,6.05
https://vakiltech.in/send-legal-notice/arbitration-clause/jaipur,0,20,0,6.3
https://vakiltech.in/send-legal-notice/encroachment-trespassing/vijayawada,0,20,0,5
https://vakiltech.in/send-legal-notice/professional-fees-recovery/allahabad,0,20,0,7.25
https://vakiltech.in/send-legal-notice/unpaid-salary-wages/surat,0,20,0,4.3
https://vakiltech.in/send-legal-notice/airlines-travel-disputes/vijayawada,0,19,0,11.631578947368421
https://vakiltech.in/send-legal-notice/criminal-intimidation/chandigarh,0,19,0,5.684210526315789
https://vakiltech.in/send-legal-notice/non-payment-salary-benefits/jabalpur,0,19,0,4.2631578947368425
https://vakiltech.in/blogs/consumer-rights-protection-india,1,18,5.555555555555555,8.944444444444445
https://vakiltech.in/send-legal-notice/non-payment-salary-benefits/amritsar,1,18,5.555555555555555,6.166666666666667
https://vakiltech.in/send-legal-notice/non-payment-salary-benefits/vijayawada,1,18,5.555555555555555,6.555555555555555
https://vakiltech.in/send-legal-notice/property-partition/vijayawada,1,18,5.555555555555555,9.5
https://vakiltech.in/privacy-policy/,0,18,0,5.333333333333333
https://vakiltech.in/send-legal-notice/defamation/coimbatore,0,18,0,4.555555555555555
https://vakiltech.in/send-legal-notice/in/lucknow,0,18,0,7.555555555555555
https://vakiltech.in/send-legal-notice/bank-loan-settlement/vijayawada,2,17,11.76470588235294,4.117647058823529
https://vakiltech.in/send-legal-notice/airlines-travel-disputes/allahabad,0,17,0,18.529411764705884
https://vakiltech.in/send-legal-notice/cheque-bounce-sec-138/amritsar,0,17,0,5.9411764705882355
https://vakiltech.in/send-legal-notice/non-performance-of-contract/chandigarh,0,17,0,6.647058823529412
https://vakiltech.in/send-legal-notice/professional-fees-recovery/bareilly,0,17,0,10.117647058823529
https://vakiltech.in/send-legal-notice/security-deposit-recovery/ludhiana,0,17,0,12.411764705882353
https://vakiltech.in/send-legal-notice/tenant-eviction/surat,0,17,0,5.411764705882353
https://vakiltech.in/send-legal-notice/violation-of-nda/chandigarh,0,17,0,3.8823529411764706
https://vakiltech.in/send-legal-notice/wrongful-termination/jabalpur,0,17,0,8.117647058823529
https://vakiltech.in/send-legal-notice/data-privacy-breach/bareilly,0,16,0,5.375
https://vakiltech.in/send-legal-notice/demand-notice-loan-repayment/howrah,0,16,0,10.5
https://vakiltech.in/send-legal-notice/dunzo,0,16,0,5.125
https://vakiltech.in/send-legal-notice/legal-notice-for-property-possession,0,16,0,6.375
https://vakiltech.in/send-legal-notice/in/rajkot,2,15,13.333333333333334,4.2
https://vakiltech.in/send-legal-notice/refund-from-builder/howrah,2,15,13.333333333333334,8
https://vakiltech.in/product/gold-standard-hr-bundle/,0,15,0,4.2
https://vakiltech.in/send-legal-notice/criminal-defamation/howrah,0,15,0,4.266666666666667
https://vakiltech.in/send-legal-notice/encroachment-trespassing/kota,0,15,0,7.2
https://vakiltech.in/send-legal-notice/notice-to-government/raipur,0,15,0,7.2
https://vakiltech.in/send-legal-notice/bank-loan-settlement/howrah,2,14,14.285714285714285,5.142857142857143
https://vakiltech.in/send-legal-notice/tenant-non-payment/delhi,1,14,7.142857142857142,6.857142857142857
https://vakiltech.in/thank-you/,1,14,7.142857142857142,8.928571428571429
https://vakiltech.in/send-legal-notice/arbitration-clause/vijayawada,0,14,0,12.428571428571429
https://vakiltech.in/send-legal-notice/bank-loan-settlement/dhanbad,0,14,0,7
https://vakiltech.in/send-legal-notice/builder-delay-possession/chennai,0,14,0,6.642857142857143
https://vakiltech.in/send-legal-notice/divorce/aurangabad,0,14,0,13
https://vakiltech.in/send-legal-notice/divorce/jabalpur,0,14,0,9.5
https://vakiltech.in/send-legal-notice/domestic-violence/rajkot,0,14,0,8.5
https://vakiltech.in/send-legal-notice/maintenance-alimony/vijayawada,0,14,0,8.571428571428571
https://vakiltech.in/send-legal-notice/non-performance-of-contract/madurai,0,14,0,6.571428571428571
https://vakiltech.in/send-legal-notice/possession-of-property/vadodara,0,14,0,6.571428571428571
https://vakiltech.in/send-legal-notice/recovery-company-assets/dhanbad,0,14,0,7.214285714285714
https://vakiltech.in/send-legal-notice/cheque-bounce-sec-138/aurangabad,2,13,15.384615384615385,6.3076923076923075
https://vakiltech.in/send-legal-notice/in/guwahati,2,13,15.384615384615385,2.6923076923076925
https://vakiltech.in/send-legal-notice/refund-from-builder/jodhpur,2,13,15.384615384615385,8.076923076923077
https://vakiltech.in/send-legal-notice/cyber-defamation/madurai,1,13,7.6923076923076925,9.153846153846153
https://vakiltech.in/send-legal-notice/criminal-defamation/aurangabad,0,13,0,7
https://vakiltech.in/send-legal-notice/divorce/chandigarh,1,12,8.333333333333332,11.416666666666666
https://vakiltech.in/send-legal-notice/faulty-defective-product/pune,1,12,8.333333333333332,4.583333333333334
https://vakiltech.in/send-legal-notice/airlines-travel-disputes/amritsar,0,12,0,5.333333333333333
https://vakiltech.in/send-legal-notice/cheque-bounce-sec-138/chandigarh,0,12,0,6.666666666666667
https://vakiltech.in/send-legal-notice/copyright-trademark/hyderabad,0,12,0,7.333333333333333
https://vakiltech.in/send-legal-notice/environmental-violations/amritsar,0,12,0,5.916666666666667
https://vakiltech.in/send-legal-notice/recovery-company-assets/chandigarh,0,12,0,5.25
https://vakiltech.in/send-legal-notice/tenant-non-payment/nashik,0,12,0,6.916666666666667
https://vakiltech.in/send-legal-notice/irctc,1,11,9.090909090909092,7.363636363636363
https://vakiltech.in/send-legal-notice/demand-notice-loan-repayment/madurai,0,11,0,8.181818181818182
https://vakiltech.in/send-legal-notice/dishonoured-cheque/madurai,0,11,0,6.454545454545454
https://vakiltech.in/send-legal-notice/divorce/guwahati,0,11,0,8.818181818181818
https://vakiltech.in/send-legal-notice/divorce/meerut,0,11,0,7.363636363636363
https://vakiltech.in/send-legal-notice/environmental-violations/ahmedabad,0,11,0,12.818181818181818
https://vakiltech.in/send-legal-notice/faulty-defective-product/hubballi-dharwad,0,11,0,5.545454545454546
https://vakiltech.in/send-legal-notice/franchise-disputes/hubballi-dharwad,0,11,0,7.818181818181818
https://vakiltech.in/send-legal-notice/non-performance-of-contract/aurangabad,0,11,0,8.90909090909091
https://vakiltech.in/send-legal-notice/telecom-internet-disputes/howrah,0,11,0,6
https://vakiltech.in/send-legal-notice/tenant-non-payment/vijayawada,0,11,0,4.272727272727273
https://vakiltech.in/blogs/legal-notice-format-india,1,10,10.0,6.6
https://vakiltech.in/product-category/hr/,1,10,10.0,5.9
https://vakiltech.in/send-legal-notice/domestic-violence/srinagar,1,10,10.0,4.5
https://vakiltech.in/send-legal-notice/non-payment-salary-benefits/kota,1,10,10.0,5.5
https://vakiltech.in/send-legal-notice-2/,0,10,0,2.6
https://vakiltech.in/send-legal-notice/agency-distribution-disputes/chandigarh,0,10,0,9.1
https://vakiltech.in/send-legal-notice/breach-of-contract/vijayawada,0,10,0,8.9
https://vakiltech.in/send-legal-notice/demand-notice-recovery-of-money/amritsar,0,10,0,9.6
https://vakiltech.in/send-legal-notice/environmental-violations/vijayawada,0,10,0,5.8
https://vakiltech.in/send-legal-notice/franchise-disputes/chandigarh,0,10,0,6.5
https://vakiltech.in/send-legal-notice/harassment-threats/bareilly,0,10,0,9.3
https://vakiltech.in/send-legal-notice/possession-of-property/jabalpur,0,10,0,6.9
https://vakiltech.in/send-legal-notice/recovery-company-assets/vijayawada,0,10,0,4.6
https://vakiltech.in/send-legal-notice/recovery-tenant-landlord/vijayawada,0,10,0,7.8
https://vakiltech.in/send-legal-notice/refund-from-builder/bareilly,0,10,0,7.5
https://vakiltech.in/send-legal-notice/unpaid-salary-wages/pune,0,10,0,6.8
https://www.vakiltech.in/send-legal-notice/legal-notice-for-divorce,0,10,0,1
https://vakiltech.in/send-legal-notice/annulment-of-marriage/bangalore,1,9,11.11111111111111,7.444444444444445
https://vakiltech.in/send-legal-notice/in/nagpur,1,9,11.11111111111111,4.222222222222222
https://vakiltech.in/send-legal-notice/in/vadodara,1,9,11.11111111111111,3.3333333333333335
https://vakiltech.in/privacy-policy,0,9,0,4.111111111111111
https://vakiltech.in/send-legal-notice/builder-delay-possession/pimpri-chinchwad,0,9,0,2
https://vakiltech.in/send-legal-notice/child-custody/amritsar,0,9,0,8.444444444444445
https://vakiltech.in/send-legal-notice/child-custody/jodhpur,0,9,0,6.888888888888889
https://vakiltech.in/send-legal-notice/copyright-trademark/vijayawada,0,9,0,7.111111111111111
https://vakiltech.in/send-legal-notice/criminal-intimidation/bangalore,0,9,0,8.88888888888889
https://vakiltech.in/send-legal-notice/defamation/amritsar,0,9,0,5.222222222222222
https://vakiltech.in/send-legal-notice/demand-notice-recovery-of-money/bareilly,0,9,0,7.111111111111111
https://vakiltech.in/send-legal-notice/divorce/dhanbad,0,9,0,8.222222222222221
https://vakiltech.in/send-legal-notice/divorce/gwalior,0,9,0,10.333333333333334
https://vakiltech.in/send-legal-notice/divorce/howrah,0,9,0,6.444444444444445
https://vakiltech.in/send-legal-notice/divorce/hubballi-dharwad,0,9,0,9.444444444444445
https://vakiltech.in/send-legal-notice/environmental-violations/chandigarh,0,9,0,11
https://vakiltech.in/send-legal-notice/faulty-defective-product/kolkata,0,9,0,7.333333333333333
https://vakiltech.in/send-legal-notice/franchise-disputes/allahabad,0,9,0,3.888888888888889
https://vakiltech.in/send-legal-notice/franchise-disputes/vijayawada,0,9,0,4.333333333333334
https://vakiltech.in/send-legal-notice/kochi/ahmedabad,0,9,0,4.111111111111111
https://vakiltech.in/send-legal-notice/landlord-repairs/vasai-virar,0,9,0,7.333333333333333
https://vakiltech.in/send-legal-notice/recovery-tenant-landlord/guwahati,0,9,0,7.222222222222222
https://vakiltech.in/send-legal-notice/refund-from-builder/dhanbad,0,9,0,6.555555555555555
https://vakiltech.in/send-legal-notice/tenant-eviction/indore,0,9,0,9.555555555555555
https://vakiltech.in/send-legal-notice/tenant-property-damage/chennai,0,9,0,9.222222222222221
https://vakiltech.in/send-legal-notice/notice-to-government/vijayawada,1,8,12.5,11.375
https://vakiltech.in/send-legal-notice/airlines-travel-disputes/madurai,0,8,0,10.875
https://vakiltech.in/send-legal-notice/bank-loan-settlement/rajkot,0,8,0,3.875
https://vakiltech.in/send-legal-notice/breach-employment-contract/chennai,0,8,0,9.5
https://vakiltech.in/send-legal-notice/cheque-bounce-sec-138/ranchi,0,8,0,4
https://vakiltech.in/send-legal-notice/child-custody/chennai,0,8,0,13.625
https://vakiltech.in/send-legal-notice/copyright-trademark/hubballi-dharwad,0,8,0,8.75
https://vakiltech.in/send-legal-notice/data-privacy-breach/allahabad,0,8,0,4.375
https://vakiltech.in/send-legal-notice/data-privacy-breach/vijayawada,0,8,0,7.75
https://vakiltech.in/send-legal-notice/deficiency-in-service/madurai,0,8,0,6.5
https://vakiltech.in/send-legal-notice/insurance-claim-disputes/coimbatore,0,8,0,5.5
https://vakiltech.in/send-legal-notice/non-payment-salary-benefits/ranchi,0,8,0,5.375
https://vakiltech.in/send-legal-notice/restitution-conjugal-rights/lucknow,0,8,0,2.625
https://vakiltech.in/send-legal-notice/stop-illegal-construction/hubballi-dharwad,0,8,0,9.625
https://vakiltech.in/send-legal-notice/tenant-non-payment/guwahati,0,8,0,4.5
https://vakiltech.in/send-legal-notice/tenant-property-damage/allahabad,0,8,0,8.125
https://vakiltech.in/send-legal-notice/property-partition/ranchi,2,7,28.57142857142857,4.714285714285714
https://vakiltech.in/refund_returns/,1,7,14.285714285714285,3
https://vakiltech.in/send-legal-notice/amenities-society-builder/guwahati,1,7,14.285714285714285,7.428571428571429
https://vakiltech.in/send-legal-notice/arbitration-clause/gwalior,1,7,14.285714285714285,7.714285714285714
https://vakiltech.in/send-legal-notice/demand-notice-loan-repayment/vijayawada,1,7,14.285714285714285,6.714285714285714
https://vakiltech.in/send-legal-notice/maintenance-alimony/madurai,1,7,14.285714285714285,11.142857142857142
https://vakiltech.in/send-legal-notice/professional-fees-recovery/madurai,1,7,14.285714285714285,3.5714285714285716
https://vakiltech.in/blogs/rera-complaint-homebuyers-guide,0,7,0,9.428571428571429
https://vakiltech.in/docs/how-much-does-the-agreement-drafting-service-cost,0,7,0,8.714285714285715
https://vakiltech.in/hr-drafts-templates-bundle-exclusive/,0,7,0,5.285714285714286
https://vakiltech.in/send-legal-notice/bank-loan-settlement/jabalpur,0,7,0,4.714285714285714
https://vakiltech.in/send-legal-notice/breach-of-contract/jabalpur,0,7,0,8.428571428571429
https://vakiltech.in/send-legal-notice/builder-delay-possession/patna,0,7,0,5.857142857142857
https://vakiltech.in/send-legal-notice/child-custody/aurangabad,0,7,0,3.4285714285714284
https://vakiltech.in/send-legal-notice/copyright-trademark/dhanbad,0,7,0,14.571428571428571
https://vakiltech.in/send-legal-notice/cyber-defamation/kota,0,7,0,5.714285714285714
https://vakiltech.in/send-legal-notice/data-privacy-breach/srinagar,0,7,0,4.571428571428571
https://vakiltech.in/send-legal-notice/defamation/ahmedabad,0,7,0,16.285714285714285
https://vakiltech.in/send-legal-notice/demand-notice-recovery-of-money/meerut,0,7,0,7
https://vakiltech.in/send-legal-notice/divorce/faridabad,0,7,0,9.142857142857142
https://vakiltech.in/send-legal-notice/domestic-violence/hyderabad,0,7,0,3.142857142857143
https://vakiltech.in/send-legal-notice/domestic-violence/visakhapatnam,0,7,0,13
https://vakiltech.in/send-legal-notice/franchise-disputes/agra,0,7,0,11.857142857142858
https://vakiltech.in/send-legal-notice/franchise-disputes/howrah,0,7,0,15.285714285714286
https://vakiltech.in/send-legal-notice/harassment-threats/aurangabad,0,7,0,5.857142857142857
https://vakiltech.in/send-legal-notice/in/meerut,0,7,0,4.857142857142858
https://vakiltech.in/send-legal-notice/maintenance-alimony/bareilly,0,7,0,18.857142857142858
https://vakiltech.in/send-legal-notice/non-payment-salary-benefits/kolkata,0,7,0,13.285714285714286
https://vakiltech.in/send-legal-notice/non-payment-salary-benefits/raipur,0,7,0,6.714285714285714
https://vakiltech.in/send-legal-notice/recovery-of-advance-payment/amritsar,0,7,0,11.285714285714286
https://vakiltech.in/send-legal-notice/security-deposit-recovery/bangalore,0,7,0,9.857142857142858
https://vakiltech.in/send-legal-notice/specific-performance/kota,0,7,0,6
https://vakiltech.in/send-legal-notice/tenant-non-payment/allahabad,0,7,0,13
https://vakiltech.in/send-legal-notice/tenant-property-damage/mumbai,0,7,0,13.857142857142858
https://vakiltech.in/send-legal-notice/wrongful-termination/raipur,0,7,0,8.571428571428571
https://vakiltech.in/send-legal-notice/recovery-supply-of-goods/bareilly,1,6,16.666666666666664,6.333333333333333
https://vakiltech.in/send-legal-notice/breach-employment-contract/howrah,0,6,0,4.666666666666666
https://vakiltech.in/send-legal-notice/defamation/agra,0,6,0,12.666666666666666
https://vakiltech.in/send-legal-notice/defamation/gwalior,0,6,0,8.333333333333332
https://vakiltech.in/send-legal-notice/defamation/lucknow,0,6,0,16.833333333333336
https://vakiltech.in/send-legal-notice/defamation/raipur,0,6,0,8.166666666666668
https://vakiltech.in/send-legal-notice/defamation/srinagar,0,6,0,5.5
https://vakiltech.in/send-legal-notice/dishonoured-cheque/gwalior,0,6,0,8.333333333333332
https://vakiltech.in/send-legal-notice/franchise-disputes/amritsar,0,6,0,3.3333333333333335
https://vakiltech.in/send-legal-notice/franchise-disputes/jaipur,0,6,0,16.166666666666664
https://vakiltech.in/send-legal-notice/maintenance-alimony/solapur,0,6,0,7.5
https://vakiltech.in/send-legal-notice/outstanding-invoice-dues/hyderabad,0,6,0,13.5
https://vakiltech.in/send-legal-notice/recovery-of-advance-payment/aurangabad,0,6,0,8.833333333333332
https://vakiltech.in/send-legal-notice/restitution-conjugal-rights/amritsar,0,6,0,5.666666666666667
https://vakiltech.in/send-legal-notice/tenant-eviction/rajkot,0,6,0,6.833333333333333
https://vakiltech.in/send-legal-notice/workplace-harassment/howrah,0,6,0,7.333333333333333
https://vakiltech.in/terms-and-conditions,0,6,0,1.8333333333333335
https://vakiltech.in/send-legal-notice/arbitration-clause/howrah,1,5,20.0,5.6
https://vakiltech.in/send-legal-notice/encroachment-trespassing/jodhpur,1,5,20.0,21
https://vakiltech.in/send-legal-notice/in/varanasi,1,5,20.0,4.2
https://vakiltech.in/send-legal-notice/refund-from-builder/mumbai,1,5,20.0,4.6
https://vakiltech.in/send-legal-notice/specific-performance/ranchi,1,5,20.0,5.2
https://vakiltech.in/blogs/legal-notice-by-email-whatsapp-india,0,5,0,11.6
https://vakiltech.in/send-legal-notice/amazon-india,0,5,0,11
https://vakiltech.in/send-legal-notice/breach-employment-contract/surat,0,5,0,9
https://vakiltech.in/send-legal-notice/builder-delay-possession/vijayawada,0,5,0,8
https://vakiltech.in/send-legal-notice/cheque-bounce-sec-138/kota,0,5,0,4
https://vakiltech.in/send-legal-notice/child-custody/gwalior,0,5,0,8
https://vakiltech.in/send-legal-notice/criminal-intimidation/pune,0,5,0,4.6
https://vakiltech.in/send-legal-notice/defamation/madurai,0,5,0,3.8
https://vakiltech.in/send-legal-notice/deficiency-in-service/srinagar,0,5,0,5
https://vakiltech.in/send-legal-notice/demand-notice-recovery-of-money/howrah,0,5,0,3.2
https://vakiltech.in/send-legal-notice/divorce/kanpur,0,5,0,11.8
https://vakiltech.in/send-legal-notice/domestic-violence/hubballi-dharwad,0,5,0,3.4
https://vakiltech.in/send-legal-notice/domestic-violence/vijayawada,0,5,0,4.4
https://vakiltech.in/send-legal-notice/employee-misconduct/ranchi,0,5,0,4.8
https://vakiltech.in/send-legal-notice/environmental-violations/hubballi-dharwad,0,5,0,3.8
https://vakiltech.in/send-legal-notice/environmental-violations/kanpur,0,5,0,17.8
https://vakiltech.in/send-legal-notice/environmental-violations/rajkot,0,5,0,8.8
https://vakiltech.in/send-legal-notice/franchise-disputes/bangalore,0,5,0,12.2
https://vakiltech.in/send-legal-notice/franchise-disputes/hyderabad,0,5,0,14.4
https://vakiltech.in/send-legal-notice/in/agra,0,5,0,7.2
https://vakiltech.in/send-legal-notice/in/faridabad,0,5,0,8
https://vakiltech.in/send-legal-notice/in/ludhiana,0,5,0,5.6
https://vakiltech.in/send-legal-notice/in/madurai,0,5,0,3
https://vakiltech.in/send-legal-notice/in/raipur,0,5,0,4.8
https://vakiltech.in/send-legal-notice/landlord-repairs/amritsar,0,5,0,11.6
https://vakiltech.in/send-legal-notice/outstanding-invoice-dues/coimbatore,0,5,0,6
https://vakiltech.in/send-legal-notice/patent-infringement/amritsar,0,5,0,16.6
https://vakiltech.in/send-legal-notice/possession-of-property/aurangabad,0,5,0,9.2
https://vakiltech.in/send-legal-notice/possession-of-property/coimbatore,0,5,0,5.2
https://vakiltech.in/send-legal-notice/possession-of-property/vasai-virar,0,5,0,9.4
https://vakiltech.in/send-legal-notice/professional-fees-recovery/kolkata,0,5,0,8.4
https://vakiltech.in/send-legal-notice/property-partition/howrah,0,5,0,7.6
https://vakiltech.in/send-legal-notice/recovery-company-assets/hubballi-dharwad,0,5,0,6.4
https://vakiltech.in/send-legal-notice/security-deposit-recovery/coimbatore,0,5,0,2.6
https://vakiltech.in/send-legal-notice/tenant-non-payment/dhanbad,0,5,0,10.6
https://vakiltech.in/send-legal-notice/tenant-property-damage/hubballi-dharwad,0,5,0,8.8
https://vakiltech.in/send-legal-notice/tenant-property-damage/raipur,0,5,0,6
https://vakiltech.in/send-legal-notice/termination-of-contract/jaipur,0,5,0,5.8
https://vakiltech.in/send-legal-notice/termination-of-contract/vijayawada,0,5,0,3.2
https://vakiltech.in/send-legal-notice/unpaid-salary-wages/howrah,0,5,0,7
https://vakiltech.in/send-legal-notice/wrongful-termination/ranchi,0,5,0,6.2
https://vakiltech.in/send-legal-notice/bank-loan-settlement/kota,2,4,50.0,4
https://vakiltech.in/send-legal-notice/agency-distribution-disputes/madurai,1,4,25.0,10
https://vakiltech.in/send-legal-notice/in/visakhapatnam,1,4,25.0,2.5
https://vakiltech.in/send-a-legal-notice/environmental-violations/ludhiana,0,4,0,12
https://vakiltech.in/send-legal-notice/bank-loan-settlement/amritsar,0,4,0,8.75
https://vakiltech.in/send-legal-notice/breach-of-contract/ghaziabad,0,4,0,6
https://vakiltech.in/send-legal-notice/builder-delay-possession/amritsar,0,4,0,2.75
https://vakiltech.in/send-legal-notice/child-custody/indore,0,4,0,9
https://vakiltech.in/send-legal-notice/child-custody/madurai,0,4,0,6.75
https://vakiltech.in/send-legal-notice/copyright-trademark/chandigarh,0,4,0,8.75
https://vakiltech.in/send-legal-notice/domestic-violence/chandigarh,0,4,0,11.5
https://vakiltech.in/send-legal-notice/domestic-violence/lucknow,0,4,0,39
https://vakiltech.in/send-legal-notice/employee-misconduct/chandigarh,0,4,0,7.75
https://vakiltech.in/send-legal-notice/encroachment-trespassing/nashik,0,4,0,9.25
https://vakiltech.in/send-legal-notice/environmental-violations/howrah,0,4,0,5
https://vakiltech.in/send-legal-notice/environmental-violations/jaipur,0,4,0,26
https://vakiltech.in/send-legal-notice/environmental-violations/patna,0,4,0,22.5
https://vakiltech.in/send-legal-notice/faulty-defective-product/bareilly,0,4,0,5
https://vakiltech.in/send-legal-notice/faulty-defective-product/hyderabad,0,4,0,14
https://vakiltech.in/send-legal-notice/franchise-disputes/aurangabad,0,4,0,5.5
https://vakiltech.in/send-legal-notice/harassment-threats/amritsar,0,4,0,6.5
https://vakiltech.in/send-legal-notice/in/kota,0,4,0,5.75
https://vakiltech.in/send-legal-notice/insurance-claim-disputes/vijayawada,0,4,0,5.5
https://vakiltech.in/send-legal-notice/landlord-repairs/coimbatore,0,4,0,6.25
https://vakiltech.in/send-legal-notice/maintenance-alimony/allahabad,0,4,0,17.25
https://vakiltech.in/send-legal-notice/maintenance-alimony/raipur,0,4,0,8.75
https://vakiltech.in/send-legal-notice/patent-infringement/vijayawada,0,4,0,6.5
https://vakiltech.in/send-legal-notice/possession-of-property/gwalior,0,4,0,8
https://vakiltech.in/send-legal-notice/possession-of-property/raipur,0,4,0,8.5
https://vakiltech.in/send-legal-notice/professional-fees-recovery/gwalior,0,4,0,7.25
https://vakiltech.in/send-legal-notice/professional-fees-recovery/raipur,0,4,0,7.5
https://vakiltech.in/send-legal-notice/property-partition/delhi,0,4,0,10.75
https://vakiltech.in/send-legal-notice/recovery-of-advance-payment/allahabad,0,4,0,8.25
https://vakiltech.in/send-legal-notice/recovery-of-stolen-property/kota,0,4,0,10.25
https://vakiltech.in/send-legal-notice/recovery-of-stolen-property/srinagar,0,4,0,6
https://vakiltech.in/send-legal-notice/refund-from-builder/solapur,0,4,0,11.25
https://vakiltech.in/send-legal-notice/specific-performance/bareilly,0,4,0,9.75
https://vakiltech.in/send-legal-notice/specific-performance/hubballi-dharwad,0,4,0,9
https://vakiltech.in/send-legal-notice/stop-illegal-construction/howrah,0,4,0,7.5
https://vakiltech.in/send-legal-notice/tenant-eviction/madurai,0,4,0,7
https://vakiltech.in/send-legal-notice/tenant-non-payment/jaipur,0,4,0,13.75
https://vakiltech.in/send-legal-notice/tenant-property-damage/jaipur,0,4,0,11.75
https://vakiltech.in/send-legal-notice/tenant-property-damage/kanpur,0,4,0,16
https://vakiltech.in/send-legal-notice/termination-of-contract/howrah,0,4,0,5.75
https://vakiltech.in/send-legal-notice/termination-of-contract/srinagar,0,4,0,11.5
https://vakiltech.in/send-legal-notice/unpaid-salary-wages/hyderabad,0,4,0,3.25
https://vakiltech.in/send-legal-notice/workplace-harassment/dhanbad,0,4,0,11.5
https://vakiltech.in/send-legal-notice/workplace-harassment/thane,0,4,0,8.5
https://vakiltech.in/send-legal-notice/criminal-defamation/thane,1,3,33.33333333333333,2
https://vakiltech.in/send-legal-notice/lucknow/mumbai,1,3,33.33333333333333,16
https://vakiltech.in/send-legal-notice/makemytrip,1,3,33.33333333333333,6.666666666666667
https://vakiltech.in/send-legal-notice/non-payment-salary-benefits/hubballi-dharwad,1,3,33.33333333333333,3.3333333333333335
https://vakiltech.in/blogs/divorce-legal-process-india,0,3,0,7.666666666666667
https://vakiltech.in/blogs/legal-notice-time-limit-india,0,3,0,7.333333333333333
https://vakiltech.in/blogs/online-legal-consultation-benefits,0,3,0,1.6666666666666665
https://vakiltech.in/send-legal-notice/amenities-society-builder/allahabad,0,3,0,11.666666666666666
https://vakiltech.in/send-legal-notice/amenities-society-builder/amritsar,0,3,0,11.666666666666666
https://vakiltech.in/send-legal-notice/annulment-of-marriage/kalyan-dombivali,0,3,0,4.666666666666666
https://vakiltech.in/send-legal-notice/annulment-of-marriage/kanpur,0,3,0,8.333333333333332
https://vakiltech.in/send-legal-notice/arbitration-clause/mumbai,0,3,0,18.333333333333332
https://vakiltech.in/send-legal-notice/bank-loan-settlement/lucknow,0,3,0,11.333333333333334
https://vakiltech.in/send-legal-notice/blinkit,0,3,0,5.333333333333333
https://vakiltech.in/send-legal-notice/breach-of-contract/aurangabad,0,3,0,13.333333333333334
https://vakiltech.in/send-legal-notice/breach-of-contract/meerut,0,3,0,5.666666666666667
https://vakiltech.in/send-legal-notice/builder-delay-possession/kota,0,3,0,6.333333333333333
https://vakiltech.in/send-legal-notice/child-custody/ranchi,0,3,0,14.666666666666666
https://vakiltech.in/send-legal-notice/criminal-defamation/solapur,0,3,0,9
https://vakiltech.in/send-legal-notice/criminal-intimidation/ahmedabad,0,3,0,9.333333333333334
https://vakiltech.in/send-legal-notice/criminal-intimidation/amritsar,0,3,0,10
https://vakiltech.in/send-legal-notice/criminal-intimidation/jabalpur,0,3,0,6.666666666666667
https://vakiltech.in/send-legal-notice/criminal-intimidation/kota,0,3,0,8
https://vakiltech.in/send-legal-notice/cyber-defamation/allahabad,0,3,0,6
https://vakiltech.in/send-legal-notice/cyber-defamation/aurangabad,0,3,0,8
https://vakiltech.in/send-legal-notice/cyber-defamation/dhanbad,0,3,0,5.333333333333333
https://vakiltech.in/send-legal-notice/cyber-defamation/srinagar,0,3,0,1.3333333333333333
https://vakiltech.in/send-legal-notice/defamation/aurangabad,0,3,0,5.333333333333333
https://vakiltech.in/send-legal-notice/defamation/faridabad,0,3,0,54.333333333333336
https://vakiltech.in/send-legal-notice/defamation/indore,0,3,0,29.333333333333332
https://vakiltech.in/send-legal-notice/defamation/kota,0,3,0,7.333333333333333
https://vakiltech.in/send-legal-notice/demand-notice-loan-repayment/aurangabad,0,3,0,7.333333333333333
https://vakiltech.in/send-legal-notice/demand-notice-recovery-of-money/jodhpur,0,3,0,8.333333333333332
https://vakiltech.in/send-legal-notice/demand-notice-recovery-of-money/ranchi,0,3,0,8.333333333333332
https://vakiltech.in/send-legal-notice/demand-notice-recovery-of-money/vijayawada,0,3,0,4
https://vakiltech.in/send-legal-notice/dishonoured-cheque/srinagar,0,3,0,4.666666666666666
https://vakiltech.in/send-legal-notice/divorce/lucknow,0,3,0,24.333333333333332
https://vakiltech.in/send-legal-notice/domestic-violence,0,3,0,7.666666666666667
https://vakiltech.in/send-legal-notice/domestic-violence/indore,0,3,0,5.666666666666667
https://vakiltech.in/send-legal-notice/domestic-violence/jodhpur,0,3,0,6.333333333333333
https://vakiltech.in/send-legal-notice/domestic-violence/raipur,0,3,0,8.666666666666668
https://vakiltech.in/send-legal-notice/employee-misconduct/kolkata,0,3,0,7
https://vakiltech.in/send-legal-notice/environmental-violations/bangalore,0,3,0,19
https://vakiltech.in/send-legal-notice/environmental-violations/surat,0,3,0,13.333333333333334
https://vakiltech.in/send-legal-notice/environmental-violations/varanasi,0,3,0,9.333333333333334
https://vakiltech.in/send-legal-notice/franchise-disputes/bhopal,0,3,0,20.333333333333332
https://vakiltech.in/send-legal-notice/franchise-disputes/patna,0,3,0,18
https://vakiltech.in/send-legal-notice/franchise-disputes/varanasi,0,3,0,16.666666666666664
https://vakiltech.in/send-legal-notice/harassment-threats/guwahati,0,3,0,8.333333333333332
https://vakiltech.in/send-legal-notice/harassment-threats/gwalior,0,3,0,3.6666666666666665
https://vakiltech.in/send-legal-notice/harassment-threats/srinagar,0,3,0,6.666666666666667
https://vakiltech.in/send-legal-notice/insurance-claim-disputes/delhi,0,3,0,7.333333333333333
https://vakiltech.in/send-legal-notice/insurance-claim-disputes/hyderabad,0,3,0,6.666666666666667
https://vakiltech.in/send-legal-notice/kochi/mumbai,0,3,0,6.333333333333333
https://vakiltech.in/send-legal-notice/landlord-repairs/agra,0,3,0,8.666666666666668
https://vakiltech.in/send-legal-notice/landlord-repairs/delhi,0,3,0,7.666666666666667
https://vakiltech.in/send-legal-notice/landlord-repairs/kolkata,0,3,0,5.666666666666667
https://vakiltech.in/send-legal-notice/non-payment-salary-benefits/delhi,0,3,0,21.666666666666668
https://vakiltech.in/send-legal-notice/non-performance-of-contract/allahabad,0,3,0,2.666666666666667
https://vakiltech.in/send-legal-notice/non-performance-of-contract/raipur,0,3,0,3.3333333333333335
https://vakiltech.in/send-legal-notice/notice-to-government/ranchi,0,3,0,7.666666666666667
https://vakiltech.in/send-legal-notice/outstanding-invoice-dues/dhanbad,0,3,0,6
https://vakiltech.in/send-legal-notice/property-partition/jodhpur,0,3,0,8
https://vakiltech.in/send-legal-notice/recovery-company-assets/bareilly,0,3,0,5.333333333333333
https://vakiltech.in/send-legal-notice/recovery-company-assets/coimbatore,0,3,0,8
https://vakiltech.in/send-legal-notice/recovery-of-stolen-property/bareilly,0,3,0,6.333333333333333
https://vakiltech.in/send-legal-notice/recovery-of-stolen-property/dhanbad,0,3,0,9.333333333333334
https://vakiltech.in/send-legal-notice/recovery-supply-of-goods/vijayawada,0,3,0,7.333333333333333
https://vakiltech.in/send-legal-notice/refund-from-builder/guwahati,0,3,0,9.333333333333334
https://vakiltech.in/send-legal-notice/refund-from-builder/madurai,0,3,0,6.333333333333333
https://vakiltech.in/send-legal-notice/refund-from-builder/ranchi,0,3,0,7
https://vakiltech.in/send-legal-notice/refund-from-builder/vijayawada,0,3,0,5.666666666666667
https://vakiltech.in/send-legal-notice/restitution-conjugal-rights/madurai,0,3,0,8.666666666666668
https://vakiltech.in/send-legal-notice/security-deposit-recovery/guwahati,0,3,0,8.666666666666668
https://vakiltech.in/send-legal-notice/specific-performance/howrah,0,3,0,5
https://vakiltech.in/send-legal-notice/telecom-internet-disputes/amritsar,0,3,0,4.333333333333334
https://vakiltech.in/send-legal-notice/telecom-internet-disputes/aurangabad,0,3,0,9.333333333333334
https://vakiltech.in/send-legal-notice/telecom-internet-disputes/madurai,0,3,0,8
https://vakiltech.in/send-legal-notice/tenant-eviction/kanpur,0,3,0,7
https://vakiltech.in/send-legal-notice/tenant-non-payment/ahmedabad,0,3,0,8.666666666666668
https://vakiltech.in/send-legal-notice/tenant-non-payment/chennai,0,3,0,7.333333333333333
https://vakiltech.in/send-legal-notice/tenant-non-payment/kota,0,3,0,5.333333333333333
https://vakiltech.in/send-legal-notice/termination-of-contract/hyderabad,0,3,0,16
https://vakiltech.in/send-legal-notice/termination-of-contract/solapur,0,3,0,11.666666666666666
https://vakiltech.in/send-legal-notice/violation-of-nda/allahabad,0,3,0,6.666666666666667
https://vakiltech.in/send-legal-notice/workplace-harassment/amritsar,0,3,0,6.333333333333333
https://vakiltech.in/send-legal-notice/wrongful-termination/allahabad,0,3,0,8
https://vakiltech.in/send-legal-notice/wrongful-termination/guwahati,0,3,0,11.333333333333334
https://vakiltech.in/send-legal-notice/wrongful-termination/hubballi-dharwad,0,3,0,9.333333333333334
https://vakiltech.in/send-legal-notice/byjus,1,2,50.0,19
https://vakiltech.in/send-legal-notice/in/vijayawada,1,2,50.0,7.5
https://vakiltech.in/send-legal-notice/insurance-claim-disputes/jodhpur,1,2,50.0,6
https://vakiltech.in/send-legal-notice/refund-from-builder/chennai,1,2,50.0,7.5
https://vakiltech.in/send-a-legal-notice/outstanding-invoice-dues/amritsar,0,2,0,15
https://vakiltech.in/send-a-legal-notice/professional-fees-recovery/aurangabad,0,2,0,8
https://vakiltech.in/send-legal-notice/absenteeism-negligence/aurangabad,0,2,0,5.5
https://vakiltech.in/send-legal-notice/absenteeism-negligence/kolkata,0,2,0,1
https://vakiltech.in/send-legal-notice/airlines-travel-disputes/dhanbad,0,2,0,8.5
https://vakiltech.in/send-legal-notice/airlines-travel-disputes/jabalpur,0,2,0,8
https://vakiltech.in/send-legal-notice/airlines-travel-disputes/ranchi,0,2,0,9
https://vakiltech.in/send-legal-notice/annulment-of-marriage/ghaziabad,0,2,0,18
https://vakiltech.in/send-legal-notice/annulment-of-marriage/raipur,0,2,0,6
https://vakiltech.in/send-legal-notice/annulment-of-marriage/varanasi,0,2,0,6
https://vakiltech.in/send-legal-notice/arbitration-clause/bareilly,0,2,0,6
https://vakiltech.in/send-legal-notice/arbitration-clause/jabalpur,0,2,0,14.5
https://vakiltech.in/send-legal-notice/breach-employment-contract/aurangabad,0,2,0,7.5
https://vakiltech.in/send-legal-notice/breach-employment-contract/dhanbad,0,2,0,31
https://vakiltech.in/send-legal-notice/breach-employment-contract/srinagar,0,2,0,6.5
https://vakiltech.in/send-legal-notice/breach-of-contract/madurai,0,2,0,5
https://vakiltech.in/send-legal-notice/breach-of-contract/raipur,0,2,0,6.5
https://vakiltech.in/send-legal-notice/builder-delay-possession/surat,0,2,0,5.5
https://vakiltech.in/send-legal-notice/cheque-bounce-sec-138/bangalore,0,2,0,29
https://vakiltech.in/send-legal-notice/cheque-bounce-sec-138/howrah,0,2,0,10.5
https://vakiltech.in/send-legal-notice/child-custody/hubballi-dharwad,0,2,0,9.5
https://vakiltech.in/send-legal-notice/child-custody/pune,0,2,0,26.5
https://vakiltech.in/send-legal-notice/copyright-trademark/srinagar,0,2,0,4.5
https://vakiltech.in/send-legal-notice/criminal-defamation/dhanbad,0,2,0,5
https://vakiltech.in/send-legal-notice/criminal-defamation/faridabad,0,2,0,8
https://vakiltech.in/send-legal-notice/cyber-defamation/chandigarh,0,2,0,9
https://vakiltech.in/send-legal-notice/cyber-defamation/raipur,0,2,0,17.5
https://vakiltech.in/send-legal-notice/data-privacy-breach/madurai,0,2,0,11
https://vakiltech.in/send-legal-notice/defamation/jaipur,0,2,0,19
https://vakiltech.in/send-legal-notice/demand-notice-loan-repayment/jodhpur,0,2,0,4
https://vakiltech.in/send-legal-notice/demand-notice-recovery-of-money/indore,0,2,0,6
https://vakiltech.in/send-legal-notice/demand-notice-recovery-of-money/srinagar,0,2,0,5
https://vakiltech.in/send-legal-notice/dishonoured-cheque/hubballi-dharwad,0,2,0,10.5
https://vakiltech.in/send-legal-notice/divorce/indore,0,2,0,5.5
https://vakiltech.in/send-legal-notice/domestic-violence/jabalpur,0,2,0,7.5
https://vakiltech.in/send-legal-notice/domestic-violence/mumbai,0,2,0,7
https://vakiltech.in/send-legal-notice/employee-misconduct/solapur,0,2,0,3
https://vakiltech.in/send-legal-notice/employee-misconduct/srinagar,0,2,0,5.5
https://vakiltech.in/send-legal-notice/encroachment-trespassing/aurangabad,0,2,0,12
https://vakiltech.in/send-legal-notice/encroachment-trespassing/solapur,0,2,0,6.5
https://vakiltech.in/send-legal-notice/environmental-violations/kolkata,0,2,0,15
https://vakiltech.in/send-legal-notice/environmental-violations/lucknow,0,2,0,18.5
https://vakiltech.in/send-legal-notice/environmental-violations/nashik,0,2,0,11.5
https://vakiltech.in/send-legal-notice/faulty-defective-product/coimbatore,0,2,0,4
https://vakiltech.in/send-legal-notice/faulty-defective-product/howrah,0,2,0,6.5
https://vakiltech.in/send-legal-notice/faulty-defective-product/pimpri-chinchwad,0,2,0,3
https://vakiltech.in/send-legal-notice/faulty-defective-product/raipur,0,2,0,2.5
https://vakiltech.in/send-legal-notice/faulty-defective-product/vadodara,0,2,0,5
https://vakiltech.in/send-legal-notice/franchise-disputes/ahmedabad,0,2,0,15.5
https://vakiltech.in/send-legal-notice/franchise-disputes/ghaziabad,0,2,0,15.5
https://vakiltech.in/send-legal-notice/franchise-disputes/gwalior,0,2,0,9
https://vakiltech.in/send-legal-notice/harassment-threats/howrah,0,2,0,9
https://vakiltech.in/send-legal-notice/harassment-threats/kalyan-dombivali,0,2,0,6.5
https://vakiltech.in/send-legal-notice/in/amritsar,0,2,0,3.5
https://vakiltech.in/send-legal-notice/in/howrah,0,2,0,5
https://vakiltech.in/send-legal-notice/in/jodhpur,0,2,0,5
https://vakiltech.in/send-legal-notice/in/nashik,0,2,0,2
https://vakiltech.in/send-legal-notice/in/ranchi,0,2,0,7
https://vakiltech.in/send-legal-notice/insurance-claim-disputes/kota,0,2,0,5.5
https://vakiltech.in/send-legal-notice/insurance-claim-disputes/varanasi,0,2,0,11
https://vakiltech.in/send-legal-notice/landlord-repairs/jabalpur,0,2,0,5
https://vakiltech.in/send-legal-notice/maintenance-alimony/howrah,0,2,0,7.5
https://vakiltech.in/send-legal-notice/non-performance-of-contract/vijayawada,0,2,0,5
https://vakiltech.in/send-legal-notice/outstanding-invoice-dues/allahabad,0,2,0,6
https://vakiltech.in/send-legal-notice/outstanding-invoice-dues/aurangabad,0,2,0,4.5
https://vakiltech.in/send-legal-notice/outstanding-invoice-dues/chennai,0,2,0,8
https://vakiltech.in/send-legal-notice/patent-infringement/aurangabad,0,2,0,9.5
https://vakiltech.in/send-legal-notice/patent-infringement/bareilly,0,2,0,8.5
https://vakiltech.in/send-legal-notice/possession-of-property/kota,0,2,0,10
https://vakiltech.in/send-legal-notice/possession-of-property/ranchi,0,2,0,7.5
https://vakiltech.in/send-legal-notice/property-partition/ahmedabad,0,2,0,26
https://vakiltech.in/send-legal-notice/recovery-company-assets/hyderabad,0,2,0,5.5
https://vakiltech.in/send-legal-notice/recovery-of-advance-payment/kota,0,2,0,5.5
https://vakiltech.in/send-legal-notice/recovery-of-stolen-property/guwahati,0,2,0,12.5
https://vakiltech.in/send-legal-notice/recovery-of-stolen-property/raipur,0,2,0,5
https://vakiltech.in/send-legal-notice/recovery-of-stolen-property/thane,0,2,0,11
https://vakiltech.in/send-legal-notice/recovery-supply-of-goods/madurai,0,2,0,2
https://vakiltech.in/send-legal-notice/recovery-tenant-landlord/jodhpur,0,2,0,8.5
https://vakiltech.in/send-legal-notice/recovery-tenant-landlord/kalyan-dombivali,0,2,0,9
https://vakiltech.in/send-legal-notice/recovery-tenant-landlord/mumbai,0,2,0,6
https://vakiltech.in/send-legal-notice/recovery-tenant-landlord/solapur,0,2,0,12
https://vakiltech.in/send-legal-notice/refund-from-builder/hubballi-dharwad,0,2,0,7.5
https://vakiltech.in/send-legal-notice/restitution-conjugal-rights/bareilly,0,2,0,5.5
https://vakiltech.in/send-legal-notice/restitution-conjugal-rights/delhi,0,2,0,10
https://vakiltech.in/send-legal-notice/restitution-conjugal-rights/howrah,0,2,0,7.5
https://vakiltech.in/send-legal-notice/security-deposit-recovery/dhanbad,0,2,0,5
https://vakiltech.in/send-legal-notice/tenant-eviction/meerut,0,2,0,4.5
https://vakiltech.in/send-legal-notice/tenant-eviction/vadodara,0,2,0,6.5
https://vakiltech.in/send-legal-notice/tenant-non-payment/vasai-virar,0,2,0,7.5
https://vakiltech.in/send-legal-notice/tenant-property-damage/guwahati,0,2,0,9
https://vakiltech.in/send-legal-notice/tenant-property-damage/nashik,0,2,0,12.5
https://vakiltech.in/send-legal-notice/unacademy,0,2,0,6.5
https://vakiltech.in/send-legal-notice/unpaid-salary-wages/coimbatore,0,2,0,4.5
https://vakiltech.in/send-legal-notice/unpaid-salary-wages/jodhpur,0,2,0,3.5
https://vakiltech.in/send-legal-notice/workplace-harassment/hyderabad,0,2,0,9
https://vakiltech.in/send-legal-notice/zomato,0,2,0,8
https://www.vakiltech.in/send-legal-notice/legal-notice-for-unpaid-salary,0,2,0,1
https://vakiltech.in/send-legal-notice/child-custody/ludhiana,1,1,100,22
https://vakiltech.in/send-legal-notice/recovery-tenant-landlord/vadodara,1,1,100,5
https://vakiltech.in/?uicore-tb=recruitment-platform-footer,0,1,0,8
https://vakiltech.in/_next/image?url=%2Fassets%2Fsend-legal-notice%2Fhero.png&w=3840&q=75,0,1,0,23
https://vakiltech.in/blogs/difference-legal-notice-fir-complaint,0,1,0,6
https://vakiltech.in/blogs/legal-notice-reply-format-india,0,1,0,7
https://vakiltech.in/blogs/what-happens-if-legal-notice-is-ignored,0,1,0,9
https://vakiltech.in/consultation,0,1,0,1
https://vakiltech.in/gp-checkout/gp-receipt/,0,1,0,1
https://vakiltech.in/send-a-legal-notice/annulment-of-marriage/bangalore,0,1,0,1
https://vakiltech.in/send-a-legal-notice/dishonoured-cheque/agra,0,1,0,20
https://vakiltech.in/send-a-legal-notice/divorce/mumbai,0,1,0,10
https://vakiltech.in/send-a-legal-notice/stop-illegal-construction/bangalore,0,1,0,12
https://vakiltech.in/send-criminal-defamation-legal-notice-draft-send-online-vakiltech-com,0,1,0,1
https://vakiltech.in/send-legal-notice/absenteeism-negligence/dhanbad,0,1,0,4
https://vakiltech.in/send-legal-notice/absenteeism-negligence/howrah,0,1,0,10
https://vakiltech.in/send-legal-notice/absenteeism-negligence/hyderabad,0,1,0,10
https://vakiltech.in/send-legal-notice/absenteeism-negligence/patna,0,1,0,12
https://vakiltech.in/send-legal-notice/agency-distribution-disputes/howrah,0,1,0,9
https://vakiltech.in/send-legal-notice/agency-distribution-disputes/raipur,0,1,0,11
https://vakiltech.in/send-legal-notice/airlines-travel-disputes/howrah,0,1,0,6
https://vakiltech.in/send-legal-notice/airlines-travel-disputes/patna,0,1,0,17
https://vakiltech.in/send-legal-notice/airlines-travel-disputes/raipur,0,1,0,8
https://vakiltech.in/send-legal-notice/amenities-society-builder/gwalior,0,1,0,7
https://vakiltech.in/send-legal-notice/amenities-society-builder/indore,0,1,0,44
https://vakiltech.in/send-legal-notice/amenities-society-builder/jodhpur,0,1,0,1
https://vakiltech.in/send-legal-notice/amenities-society-builder/nashik,0,1,0,9
https://vakiltech.in/send-legal-notice/annulment-of-marriage/jaipur,0,1,0,8
https://vakiltech.in/send-legal-notice/annulment-of-marriage/jodhpur,0,1,0,9
https://vakiltech.in/send-legal-notice/annulment-of-marriage/kolkata,0,1,0,9
https://vakiltech.in/send-legal-notice/annulment-of-marriage/srinagar,0,1,0,9
https://vakiltech.in/send-legal-notice/annulment-of-marriage/vadodara,0,1,0,4
https://vakiltech.in/send-legal-notice/arbitration-clause,0,1,0,43
https://vakiltech.in/send-legal-notice/arbitration-clause/indore,0,1,0,11
https://vakiltech.in/send-legal-notice/arbitration-clause/thane,0,1,0,8
https://vakiltech.in/send-legal-notice/bank-loan-settlement/hubballi-dharwad,0,1,0,11
https://vakiltech.in/send-legal-notice/bank-loan-settlement/hyderabad,0,1,0,8
https://vakiltech.in/send-legal-notice/bank-loan-settlement/nagpur,0,1,0,10
https://vakiltech.in/send-legal-notice/bank-loan-settlement/patna,0,1,0,8
https://vakiltech.in/send-legal-notice/bank-loan-settlement/pune,0,1,0,8
https://vakiltech.in/send-legal-notice/bank-loan-settlement/srinagar,0,1,0,2
https://vakiltech.in/send-legal-notice/bank-loan-settlement/visakhapatnam,0,1,0,10
https://vakiltech.in/send-legal-notice/breach-employment-contract/coimbatore,0,1,0,6
https://vakiltech.in/send-legal-notice/breach-employment-contract/guwahati,0,1,0,11
https://vakiltech.in/send-legal-notice/breach-employment-contract/jabalpur,0,1,0,6
https://vakiltech.in/send-legal-notice/breach-of-contract/amritsar,0,1,0,1
https://vakiltech.in/send-legal-notice/builder-delay-possession/coimbatore,0,1,0,2
https://vakiltech.in/send-legal-notice/builder-delay-possession/delhi,0,1,0,8
https://vakiltech.in/send-legal-notice/builder-delay-possession/dhanbad,0,1,0,2
https://vakiltech.in/send-legal-notice/builder-delay-possession/gwalior,0,1,0,9
https://vakiltech.in/send-legal-notice/builder-delay-possession/jaipur,0,1,0,18
https://vakiltech.in/send-legal-notice/cheque-bounce-sec-138/agra,0,1,0,7
https://vakiltech.in/send-legal-notice/cheque-bounce-sec-138/delhi,0,1,0,19
https://vakiltech.in/send-legal-notice/cheque-bounce-sec-138/jabalpur,0,1,0,8
https://vakiltech.in/send-legal-notice/cheque-bounce-sec-138/pune,0,1,0,4
https://vakiltech.in/send-legal-notice/cheque-bounce-sec-138/varanasi,0,1,0,1
https://vakiltech.in/send-legal-notice/child-custody/lucknow,0,1,0,11
https://vakiltech.in/send-legal-notice/child-custody/patna,0,1,0,8
https://vakiltech.in/send-legal-notice/child-custody/varanasi,0,1,0,7
https://vakiltech.in/send-legal-notice/cred,0,1,0,13
https://vakiltech.in/send-legal-notice/criminal-defamation/chennai,0,1,0,26
https://vakiltech.in/send-legal-notice/criminal-intimidation/madurai,0,1,0,1
https://vakiltech.in/send-legal-notice/criminal-intimidation/patna,0,1,0,9
https://vakiltech.in/send-legal-notice/criminal-intimidation/ranchi,0,1,0,3
https://vakiltech.in/send-legal-notice/criminal-intimidation/srinagar,0,1,0,12
https://vakiltech.in/send-legal-notice/criminal-intimidation/surat,0,1,0,30
https://vakiltech.in/send-legal-notice/cyber-defamation/agra,0,1,0,10
https://vakiltech.in/send-legal-notice/cyber-defamation/coimbatore,0,1,0,10
https://vakiltech.in/send-legal-notice/cyber-defamation/jodhpur,0,1,0,12
https://vakiltech.in/send-legal-notice/cyber-defamation/ranchi,0,1,0,12
https://vakiltech.in/send-legal-notice/data-privacy-breach/lucknow,0,1,0,11
https://vakiltech.in/send-legal-notice/data-privacy-breach/nagpur,0,1,0,9
https://vakiltech.in/send-legal-notice/data-privacy-breach/nashik,0,1,0,9
https://vakiltech.in/send-legal-notice/defamation/jabalpur,0,1,0,4
https://vakiltech.in/send-legal-notice/defamation/nashik,0,1,0,17
https://vakiltech.in/send-legal-notice/deficiency-in-service/allahabad,0,1,0,4
https://vakiltech.in/send-legal-notice/deficiency-in-service/amritsar,0,1,0,3
https://vakiltech.in/send-legal-notice/deficiency-in-service/aurangabad,0,1,0,4
https://vakiltech.in/send-legal-notice/deficiency-in-service/bareilly,0,1,0,10
https://vakiltech.in/send-legal-notice/deficiency-in-service/coimbatore,0,1,0,7
https://vakiltech.in/send-legal-notice/deficiency-in-service/ranchi,0,1,0,5
https://vakiltech.in/send-legal-notice/demand-notice-loan-repayment/rajkot,0,1,0,1
https://vakiltech.in/send-legal-notice/demand-notice-loan-repayment/srinagar,0,1,0,4
https://vakiltech.in/send-legal-notice/demand-notice-recovery-of-money/gwalior,0,1,0,13
https://vakiltech.in/send-legal-notice/demand-notice-recovery-of-money/jabalpur,0,1,0,5
https://vakiltech.in/send-legal-notice/dishonoured-cheque/dhanbad,0,1,0,2
https://vakiltech.in/send-legal-notice/dishonoured-cheque/jodhpur,0,1,0,11
https://vakiltech.in/send-legal-notice/dishonoured-cheque/kota,0,1,0,22
https://vakiltech.in/send-legal-notice/dishonoured-cheque/raipur,0,1,0,1
https://vakiltech.in/send-legal-notice/dishonoured-cheque/vijayawada,0,1,0,11
https://vakiltech.in/send-legal-notice/divorce/chennai,0,1,0,67
https://vakiltech.in/send-legal-notice/divorce/kalyan-dombivali,0,1,0,12
https://vakiltech.in/send-legal-notice/divorce/patna,0,1,0,40
https://vakiltech.in/send-legal-notice/domestic-violence/bangalore,0,1,0,2
https://vakiltech.in/send-legal-notice/domestic-violence/delhi,0,1,0,7
https://vakiltech.in/send-legal-notice/domestic-violence/kota,0,1,0,4
https://vakiltech.in/send-legal-notice/domestic-violence/pimpri-chinchwad,0,1,0,10
https://vakiltech.in/send-legal-notice/employee-misconduct/amritsar,0,1,0,10
https://vakiltech.in/send-legal-notice/employee-misconduct/jodhpur,0,1,0,1
https://vakiltech.in/send-legal-notice/encroachment-trespassing/bhopal,0,1,0,15
https://vakiltech.in/send-legal-notice/encroachment-trespassing/patna,0,1,0,11
https://vakiltech.in/send-legal-notice/encroachment-trespassing/varanasi,0,1,0,4
https://vakiltech.in/send-legal-notice/environmental-violations/ranchi,0,1,0,8
https://vakiltech.in/send-legal-notice/environmental-violations/vadodara,0,1,0,21
https://vakiltech.in/send-legal-notice/faulty-defective-product/allahabad,0,1,0,9
https://vakiltech.in/send-legal-notice/faulty-defective-product/jaipur,0,1,0,7
https://vakiltech.in/send-legal-notice/faulty-defective-product/kanpur,0,1,0,1
https://vakiltech.in/send-legal-notice/faulty-defective-product/varanasi,0,1,0,3
https://vakiltech.in/send-legal-notice/faulty-defective-product/vijayawada,0,1,0,4
https://vakiltech.in/send-legal-notice/franchise-disputes/faridabad,0,1,0,14
https://vakiltech.in/send-legal-notice/franchise-disputes/guwahati,0,1,0,12
https://vakiltech.in/send-legal-notice/harassment-threats/ranchi,0,1,0,8
https://vakiltech.in/send-legal-notice/in/bhopal,0,1,0,1
https://vakiltech.in/send-legal-notice/in/coimbatore,0,1,0,2
https://vakiltech.in/send-legal-notice/in/srinagar,0,1,0,2
https://vakiltech.in/send-legal-notice/insurance-claim-disputes/chandigarh,0,1,0,8
https://vakiltech.in/send-legal-notice/insurance-claim-disputes/howrah,0,1,0,8
https://vakiltech.in/send-legal-notice/insurance-claim-disputes/pimpri-chinchwad,0,1,0,10
https://vakiltech.in/send-legal-notice/kochi/pune,0,1,0,4
https://vakiltech.in/send-legal-notice/landlord-repairs/dhanbad,0,1,0,5
https://vakiltech.in/send-legal-notice/landlord-repairs/ghaziabad,0,1,0,20
https://vakiltech.in/send-legal-notice/landlord-repairs/ranchi,0,1,0,8
https://vakiltech.in/send-legal-notice/landlord-repairs/solapur,0,1,0,2
https://vakiltech.in/send-legal-notice/non-payment-salary-benefits/ahmedabad,0,1,0,5
https://vakiltech.in/send-legal-notice/non-payment-salary-benefits/lucknow,0,1,0,10
https://vakiltech.in/send-legal-notice/non-payment-salary-benefits/vadodara,0,1,0,8
https://vakiltech.in/send-legal-notice/non-performance-of-contract/visakhapatnam,0,1,0,1
https://vakiltech.in/send-legal-notice/notice-to-government/jodhpur,0,1,0,7
https://vakiltech.in/send-legal-notice/notice-to-government/nashik,0,1,0,22
https://vakiltech.in/send-legal-notice/notice-to-government/pimpri-chinchwad,0,1,0,1
https://vakiltech.in/send-legal-notice/notice-to-government/surat,0,1,0,16
https://vakiltech.in/send-legal-notice/notice-to-government/vadodara,0,1,0,22
https://vakiltech.in/send-legal-notice/ola-electric,0,1,0,18
https://vakiltech.in/send-legal-notice/outstanding-invoice-dues/srinagar,0,1,0,10
https://vakiltech.in/send-legal-notice/patent-infringement,0,1,0,16
https://vakiltech.in/send-legal-notice/patent-infringement/allahabad,0,1,0,5
https://vakiltech.in/send-legal-notice/patent-infringement/dhanbad,0,1,0,8
https://vakiltech.in/send-legal-notice/patent-infringement/ghaziabad,0,1,0,8
https://vakiltech.in/send-legal-notice/patent-infringement/hubballi-dharwad,0,1,0,8
https://vakiltech.in/send-legal-notice/patent-infringement/jabalpur,0,1,0,12
https://vakiltech.in/send-legal-notice/possession-of-property/amritsar,0,1,0,12
https://vakiltech.in/send-legal-notice/possession-of-property/faridabad,0,1,0,15
https://vakiltech.in/send-legal-notice/possession-of-property/hubballi-dharwad,0,1,0,12
https://vakiltech.in/send-legal-notice/possession-of-property/mumbai,0,1,0,1
https://vakiltech.in/send-legal-notice/possession-of-property/nagpur,0,1,0,20
https://vakiltech.in/send-legal-notice/possession-of-property/patna,0,1,0,17
https://vakiltech.in/send-legal-notice/professional-fees-recovery/ahmedabad,0,1,0,12
https://vakiltech.in/send-legal-notice/property-partition/hubballi-dharwad,0,1,0,9
https://vakiltech.in/send-legal-notice/recovery-company-assets/jodhpur,0,1,0,8
https://vakiltech.in/send-legal-notice/recovery-of-advance-payment/bareilly,0,1,0,1
https://vakiltech.in/send-legal-notice/recovery-of-advance-payment/dhanbad,0,1,0,10
https://vakiltech.in/send-legal-notice/recovery-of-advance-payment/guwahati,0,1,0,6
https://vakiltech.in/send-legal-notice/recovery-of-advance-payment/lucknow,0,1,0,14
https://vakiltech.in/send-legal-notice/recovery-of-advance-payment/mumbai,0,1,0,9
https://vakiltech.in/send-legal-notice/recovery-of-stolen-property/allahabad,0,1,0,20
https://vakiltech.in/send-legal-notice/recovery-of-stolen-property/bangalore,0,1,0,1
https://vakiltech.in/send-legal-notice/recovery-of-stolen-property/hyderabad,0,1,0,43
https://vakiltech.in/send-legal-notice/recovery-of-stolen-property/jodhpur,0,1,0,20
https://vakiltech.in/send-legal-notice/recovery-supply-of-goods/aurangabad,0,1,0,9
https://vakiltech.in/send-legal-notice/recovery-tenant-landlord/aurangabad,0,1,0,5
https://vakiltech.in/send-legal-notice/recovery-tenant-landlord/bareilly,0,1,0,12
https://vakiltech.in/send-legal-notice/recovery-tenant-landlord/kota,0,1,0,8
https://vakiltech.in/send-legal-notice/recovery-tenant-landlord/pimpri-chinchwad,0,1,0,10
https://vakiltech.in/send-legal-notice/refund-from-builder/hyderabad,0,1,0,4
https://vakiltech.in/send-legal-notice/restitution-conjugal-rights/faridabad,0,1,0,8
https://vakiltech.in/send-legal-notice/restitution-conjugal-rights/raipur,0,1,0,4
https://vakiltech.in/send-legal-notice/security-deposit-recovery,0,1,0,21
https://vakiltech.in/send-legal-notice/security-deposit-recovery/chennai,0,1,0,5
https://vakiltech.in/send-legal-notice/security-deposit-recovery/thane,0,1,0,9
https://vakiltech.in/send-legal-notice/specific-performance/agra,0,1,0,43
https://vakiltech.in/send-legal-notice/specific-performance/allahabad,0,1,0,7
https://vakiltech.in/send-legal-notice/specific-performance/dhanbad,0,1,0,4
https://vakiltech.in/send-legal-notice/specific-performance/solapur,0,1,0,23
https://vakiltech.in/send-legal-notice/stop-illegal-construction/bhopal,0,1,0,46
https://vakiltech.in/send-legal-notice/stop-illegal-construction/chennai,0,1,0,8
https://vakiltech.in/send-legal-notice/stop-illegal-construction/jodhpur,0,1,0,9
https://vakiltech.in/send-legal-notice/stop-illegal-construction/raipur,0,1,0,10
https://vakiltech.in/send-legal-notice/stop-illegal-construction/srinagar,0,1,0,15
https://vakiltech.in/send-legal-notice/telecom-internet-disputes/chandigarh,0,1,0,11
https://vakiltech.in/send-legal-notice/telecom-internet-disputes/coimbatore,0,1,0,6
https://vakiltech.in/send-legal-notice/telecom-internet-disputes/hubballi-dharwad,0,1,0,8
https://vakiltech.in/send-legal-notice/telecom-internet-disputes/indore,0,1,0,12
https://vakiltech.in/send-legal-notice/telecom-internet-disputes/vijayawada,0,1,0,4
https://vakiltech.in/send-legal-notice/tenant-eviction/jaipur,0,1,0,10
https://vakiltech.in/send-legal-notice/tenant-eviction/kolkata,0,1,0,12
https://vakiltech.in/send-legal-notice/tenant-non-payment/aurangabad,0,1,0,8
https://vakiltech.in/send-legal-notice/tenant-non-payment/kolkata,0,1,0,1
https://vakiltech.in/send-legal-notice/tenant-non-payment/patna,0,1,0,10
https://vakiltech.in/send-legal-notice/tenant-non-payment/visakhapatnam,0,1,0,7
https://vakiltech.in/send-legal-notice/tenant-property-damage/coimbatore,0,1,0,8
https://vakiltech.in/send-legal-notice/tenant-property-damage/meerut,0,1,0,10
https://vakiltech.in/send-legal-notice/termination-of-contract/gwalior,0,1,0,7
https://vakiltech.in/send-legal-notice/termination-of-contract/hubballi-dharwad,0,1,0,8
https://vakiltech.in/send-legal-notice/termination-of-contract/kota,0,1,0,4
https://vakiltech.in/send-legal-notice/termination-of-contract/raipur,0,1,0,12
https://vakiltech.in/send-legal-notice/unpaid-salary-wages/chennai,0,1,0,4
https://vakiltech.in/send-legal-notice/unpaid-salary-wages/kota,0,1,0,3
https://vakiltech.in/send-legal-notice/unpaid-salary-wages/vadodara,0,1,0,8
https://vakiltech.in/send-legal-notice/violation-of-nda/thane,0,1,0,4
https://vakiltech.in/send-legal-notice/workplace-harassment/srinagar,0,1,0,1
https://vakiltech.in/send-legal-notice/workplace-harassment/vadodara,0,1,0,4
https://vakiltech.in/send-legal-notice/wrongful-termination/madurai,0,1,0,9
