pillar,intent,query,clicks,impressions,ctr,position
Lawyer Directory / Consultation,Unclassified,vakil,53,39741,0.13,4.0
Legal Notice — Generic,Unclassified,legal notice,26,5815,0.45,8.3
Legal Notice — Defamation (BNS 356),Awareness,356 bns,3,3244,0.09,5.1
Legal Notice — Money Recovery,Unclassified,legal notice for recovery of money,92,3019,3.05,3.8
Legal Notice — Defamation (BNS 356),Unclassified,defamation section in bns,11,2520,0.44,3.0
Legal Notice — Defamation (BNS 356),Awareness,defamation in bns,12,1849,0.65,3.0
Legal Notice — Defamation (BNS 356),Awareness,section 356 bns,5,1547,0.32,4.6
Legal Notice — Money Recovery,Decision,legal notice format for recovery of money,32,1170,2.74,6.3
Legal Notice — Defamation (BNS 356),Awareness,bns 356,1,1150,0.09,4.2
Legal Notice — Generic,Decision,legal notice format,16,1023,1.56,10.0
Lawyer Directory / Consultation,Unclassified,virtual vakil,2,885,0.23,6.2
Legal Notice — Generic,Action,legal notice by advocate,18,843,2.14,4.8
Lawyer Directory / Consultation,Unclassified,vakil vakil,2,804,0.25,3.2
Legal Notice — Defamation (BNS 356),Awareness,defamation under bns,13,743,1.75,3.4
Legal Notice — Defamation (BNS 356),Awareness,356 bns in hindi,1,728,0.14,9.1
Legal Notice — Generic,Action,send legal notice online,129,726,17.77,1.9
Legal Notice — Defamation (BNS 356),Awareness,bns 356 section,2,631,0.32,3.4
Lawyer Directory / Consultation,Unclassified,vakil advocate,2,581,0.34,3.9
Legal Notice — Generic,Action,legal notice charges,30,484,6.2,3.2
Legal Notice — Defamation (BNS 356),Awareness,criminal defamation in bns,6,446,1.35,2.3
IPC/BNS & Law Explainers,Awareness,bns section 356,2,408,0.49,4.4
Legal Notice — Generic,Action,send legal notice,50,401,12.47,3.5
Legal Notice — Defamation (BNS 356),Unclassified,defamation bns,0,400,0.0,2.9
Legal Notice — Generic,Action,how to send legal notice,9,392,2.3,4.8
Legal Notice — Generic,Action,legal notice online,86,390,22.05,1.6
Lawyer Directory / Consultation,Unclassified,virtualvakil,1,317,0.32,6.2
Legal Notice — Defamation (BNS 356),Unclassified,bns defamation section,0,314,0.0,3.6
Lawyer Directory / Consultation,Action,online vakil,2,311,0.64,5.5
Legal Notice — Generic,Action,online legal notice,50,297,16.84,1.4
Legal Notice — Defamation (BNS 356),Unclassified,sec 356 bns,2,283,0.71,4.3
Legal Notice — Money Recovery,Decision,legal notice for recovery of money format,17,279,6.09,5.7
Lawyer Directory / Consultation,Unclassified,vakiltech,200,275,72.73,1.4
Legal Notice — Generic,Action,send legal notice online free,39,262,14.89,2.9
Lawyer Directory / Consultation,Unclassified,vakil pro,6,260,2.31,8.7
Legal Notice — Defamation (BNS 356),Unclassified,defamation bns section,0,255,0.0,4.1
Other,Unclassified,manhani case,0,250,0.0,1.0
Legal Notice — Generic,Action,how to send legal notice to someone,3,247,1.21,6.1
Other,Action,how to send a legal notice,4,237,1.69,8.4
Lawyer Directory / Consultation,Unclassified,vakil lawyer,1,236,0.42,4.1
Legal Notice — Defamation (BNS 356),Awareness,356 bns is cognizable or not,1,234,0.43,2.3
Lawyer Directory / Consultation,Unclassified,advocate notice,0,229,0.0,6.7
Legal Notice — Money Recovery,Unclassified,recovery notice,2,220,0.91,3.9
Legal Notice — Money Recovery,Unclassified,legal notice for money recovery,6,217,2.76,3.0
Legal Notice — Defamation (BNS 356),Unclassified,criminal defamation bns,1,215,0.47,4.4
Lawyer Directory / Consultation,Unclassified,lawyer notice,0,213,0.0,7.5
IPC/BNS & Law Explainers,Unclassified,356 2 bns in hindi,0,208,0.0,9.4
Lawyer Directory / Consultation,Action,vakil online,6,195,3.08,6.7
Legal Notice — Cheque Bounce,Unclassified,cheque bounce legal notice,2,185,1.08,6.1
IPC/BNS & Law Explainers,Unclassified,356bns,0,185,0.0,5.0
Other,Unclassified,legal notice draft,4,179,2.23,8.9
Legal Notice — Defamation (BNS 356),Awareness,defamation in bns section,0,177,0.0,3.6
Other,Action,online notice,5,176,2.84,4.4
IPC/BNS & Law Explainers,Awareness,section 356 of bns,0,174,0.0,4.8
Other,Action,how to send a legal notice to someone,3,173,1.73,6.8
Lawyer Directory / Consultation,Unclassified,vakil notice,0,168,0.0,5.1
Legal Notice — Cheque Bounce,Decision,cheque bounce legal notice format,6,167,3.59,6.5
Legal Notice — Defamation (BNS 356),Unclassified,bharatiya nyaya sanhita 2023 defamation section number,0,166,0.0,9.7
Legal Notice — Money Recovery,Action,legal notice charges for recovery of money,9,162,5.56,2.4
Other,Unclassified,legal advice,0,157,0.0,4.2
Other,Action,how to send a legal notice to a company,5,155,3.23,4.8
Lawyer Directory / Consultation,Action,online lawyer consultation,0,154,0.0,6.3
Lawyer Directory / Consultation,Unclassified,advocate legal notice,1,152,0.66,4.0
Lawyer Directory / Consultation,Action,cost of sending legal notice through lawyer in india,0,151,0.0,5.5
Lawyer Directory / Consultation,Unclassified,vakil court,0,151,0.0,7.4
Legal Notice — Money Recovery,Decision,legal notice for recovery of money word format,9,147,6.12,4.3
Legal Notice — Defamation (BNS 356),Action,defamation notice,3,147,2.04,3.7
Legal Notice — Defamation (BNS 356),Awareness,356 bns bailable or not,5,146,3.42,4.3
IPC/BNS & Law Explainers,Unclassified,356 of bns,0,146,0.0,4.7
Legal Notice — Defamation (BNS 356),Unclassified,bharatiya nyaya sanhita defamation section number,0,145,0.0,6.9
Lawyer Directory / Consultation,Unclassified,lawyer vakil,0,145,0.0,5.8
IPC/BNS & Law Explainers,Unclassified,356(2) bns in hindi,0,144,0.0,9.2
Other,Action,legal notice service,9,134,6.72,21.9
Legal Notice — Cheque Bounce,Unclassified,legal notice for cheque bounce,2,134,1.49,5.1
Lawyer Directory / Consultation,Unclassified,vakil tech,85,132,64.39,1.0
Legal Notice — Cheque Bounce,Action,cheque bounce notice,2,132,1.52,15.8
Legal Notice — Money Recovery,Unclassified,demand notice for recovery of money,2,132,1.52,2.4
Legal Notice — Money Recovery,Unclassified,money recovery legal notice,5,130,3.85,4.4
Lawyer Directory / Consultation,Action,online vakil consultation,0,129,0.0,2.9
Legal Notice — Consumer,Unclassified,legal notice for defective goods,17,128,13.28,2.9
IPC/BNS & Law Explainers,Unclassified,356 2 bns,0,127,0.0,4.4
Lawyer Directory / Consultation,Action,vakil contact number,0,126,0.0,7.6
Other,Action,how much does it cost to send a legal notice,9,124,7.26,3.0
Legal Notice — Money Recovery,Unclassified,notice for recovery of money,3,124,2.42,4.1
IPC/BNS & Law Explainers,Unclassified,356(2) bns,0,123,0.0,8.6
Legal Notice — Generic,Action,legal notice cost,11,122,9.02,2.7
Legal Notice — Defamation (BNS 356),Unclassified,defamation ipc,0,121,0.0,1.0
Legal Notice — Money Recovery,Unclassified,legal notice for not returning money,1,120,0.83,2.8
Legal Notice — Defamation (BNS 356),Unclassified,legal notice for defamation,2,116,1.72,6.5
Legal Notice — Money Recovery,Action,online legal notice for recovery of money,13,113,11.5,4.5
Legal Notice — Cheque Bounce,Awareness,legal notice under section 138,1,113,0.88,7.9
Legal Notice — Defamation (BNS 356),Awareness,section 356 bns in hindi,0,113,0.0,9.5
Lawyer Directory / Consultation,Action,do i need a lawyer to send a legal notice,0,112,0.0,8.9
Other,Unclassified,success rate of legal notice in consumer disputes india,0,112,0.0,3.4
Lawyer Directory / Consultation,Unclassified,quick vakil,0,110,0.0,5.8
Legal Notice — Generic,Action,legal notice fees,4,109,3.67,2.6
Legal Notice — Defamation (BNS 356),Unclassified,bns section for defamation,0,107,0.0,6.2
Other,Action,cost of sending legal notice in india,0,107,0.0,4.1
Legal Notice — Cheque Bounce,Action,cheque bounce notice period,1,105,0.95,9.1
Other,Action,send a legal notice,15,104,14.42,2.1
Legal Notice — Generic,Action,how to check legal notice online,3,104,2.88,7.8
Other,Unclassified,legal notice for breach of contract,0,99,0.0,5.9
Other,Unclassified,legal notices,1,98,1.02,10.4
Lawyer Directory / Consultation,Action,how to send a legal notice without a lawyer,0,98,0.0,13.8
Other,Unclassified,legal notice india,6,96,6.25,5.3
Legal Notice — Defamation (BNS 356),Awareness,356 bns punishment,1,96,1.04,5.5
Legal Notice — Defamation (BNS 356),Unclassified,bharatiya nyaya sanhita defamation section,0,93,0.0,7.4
Lawyer Directory / Consultation,Unclassified,vakil fees,0,93,0.0,2.5
Other,Unclassified,legal notice for loan recovery,0,92,0.0,1.6
Legal Notice — Money Recovery,Action,money recovery notice,2,90,2.22,4.5
IPC/BNS & Law Explainers,Unclassified,bns ki dhara 356 kya hai,1,90,1.11,6.1
Lawyer Directory / Consultation,Unclassified,vakeel notice,0,87,0.0,3.1
Legal Notice — Generic,Action,vakilsearch legal notice cost,0,87,0.0,5.1
Lawyer Directory / Consultation,Unclassified,lawyer fees for legal notice,7,86,8.14,1.6
Legal Notice — Defamation (BNS 356),Awareness,defamation under bns 2023,4,86,4.65,3.0
Legal Notice — Defamation (BNS 356),Awareness,bns 356(2),0,86,0.0,4.6
Legal Notice — Generic,Action,legal notice fees in india,5,85,5.88,2.3
Legal Notice — Defamation (BNS 356),Unclassified,defamation section bns,0,85,0.0,3.2
Business Compliance,Action,fssai registration online,0,85,0.0,46.8
Legal Notice — Money Recovery,Unclassified,payment recovery notice,1,84,1.19,2.6
IPC/BNS & Law Explainers,Unclassified,bns ki dhara 356,0,84,0.0,7.1
Other,Action,legal notice price,4,83,4.82,2.8
Legal Notice — Generic,Action,how to send legal notice to company,2,83,2.41,6.3
Other,Unclassified,effectiveness of legal notice in consumer disputes india settlement rate,0,82,0.0,4.7
Lawyer Directory / Consultation,Unclassified,advocate vakil,0,81,0.0,6.2
Legal Notice — Money Recovery,Decision,format of legal notice for recovery of money,4,80,5.0,5.2
Legal Notice — Cheque Bounce,Action,cheque bounce notice format,2,79,2.53,9.9
Legal Notice — Generic,Action,send a legal notice online,15,78,19.23,1.4
Legal Notice — Money Recovery,Decision,recovery notice format,4,78,5.13,5.2
Legal Notice — Cheque Bounce,Decision,138 notice format,1,78,1.28,6.9
Other,Decision,legal notice sample,1,78,1.28,10.9
IPC/BNS & Law Explainers,Unclassified,मानहानि की धारा bns,0,78,0.0,7.9
Legal Notice — Money Recovery,Decision,draft legal notice for recovery of money,5,77,6.49,4.9
Legal Notice — Money Recovery,Unclassified,legal notice for non payment of dues,0,77,0.0,3.6
Lawyer Directory / Consultation,Action,how much lawyer charge for sending legal notice,5,76,6.58,2.4
Legal Notice — Defamation (BNS 356),Awareness,section 356 bns punishment,1,76,1.32,5.6
Legal Notice — Defamation (BNS 356),Awareness,defamation bns section 356,0,76,0.0,4.4
Lawyer Directory / Consultation,Unclassified,legal notice advocate fees,4,75,5.33,1.9
Lawyer Directory / Consultation,Unclassified,court vakil,0,75,0.0,4.4
IPC/BNS & Law Explainers,Unclassified,manhani bns ki dhara,0,75,0.0,7.7
IPC/BNS & Law Explainers,Awareness,section 356,0,74,0.0,6.9
Other,Unclassified,vakkil notice,0,74,0.0,1.7
Legal Notice — Generic,Action,online legal notice service,14,73,19.18,1.7
Other,Action,cost of legal notice in india,3,73,4.11,4.2
Legal Notice — Defamation (BNS 356),Awareness,bharatiya nyaya sanhita 2023 section 356 defamation,0,73,0.0,8.3
Other,Unclassified,ligal notice,0,73,0.0,8.2
Lawyer Directory / Consultation,Unclassified,vakil ka number,0,73,0.0,2.9
Legal Notice — Defamation (BNS 356),Awareness,section 356 bns is bailable or not,1,72,1.39,3.1
Lawyer Directory / Consultation,Unclassified,legal notice from advocate,0,72,0.0,6.0
Legal Notice — Defamation (BNS 356),Awareness,criminal defamation under bns,0,71,0.0,3.4
Lawyer Directory / Consultation,Action,cost of legal notice by labour lawyer in india,0,70,0.0,7.4
Other,Unclassified,pleader notice,0,70,0.0,9.8
Other,Decision,recqarz legal notice sample,0,70,0.0,1.1
IPC/BNS & Law Explainers,Unclassified,sec 356 of bns,0,70,0.0,3.0
Other,Unclassified,settlement rate after legal notice in consumer disputes india,0,69,0.0,3.1
Lawyer Directory / Consultation,Action,cost of legal notice from labour lawyer in india,0,68,0.0,7.4
Legal Notice — Generic,Action,legal notice online india,10,67,14.93,1.2
Legal Notice — Consumer,Decision,legal notice format for consumer complaint,4,67,5.97,8.4
Legal Notice — Money Recovery,Unclassified,notice for money recovery,1,67,1.49,3.8
Legal Notice — Defamation (BNS 356),Awareness,bns 356 defamation,0,67,0.0,5.0
Lawyer Directory / Consultation,Unclassified,lawyer notice fees,4,66,6.06,1.5
IPC/BNS & Law Explainers,Awareness,section 356(2) bns,2,66,3.03,7.2
Legal Notice — Defamation (BNS 356),Awareness,356 bns in ipc,0,66,0.0,7.3
Legal Notice — Defamation (BNS 356),Awareness,356 bns section,0,65,0.0,3.5
IPC/BNS & Law Explainers,Unclassified,bns dhara 356,0,65,0.0,7.6
Lawyer Directory / Consultation,Unclassified,loyer vakil,0,65,0.0,4.8
Legal Notice — Generic,Action,legal notice charges in india,3,64,4.69,2.4
Legal Notice — Money Recovery,Action,money recovery notice format,3,64,4.69,4.4
Other,Unclassified,percentage of consumer cases settled after legal notice india,0,64,0.0,1.9
Legal Notice — Defamation (BNS 356),Awareness,punishment for defamation under bns section,0,64,0.0,4.2
Other,Unclassified,legal draft bundle free download pdf,6,63,9.52,9.1
Legal Notice — Cheque Bounce,Decision,138 legal notice format,2,63,3.17,5.9
Other,Action,how much does it cost to send a legal notice in india,1,63,1.59,2.2
IPC/BNS & Law Explainers,Awareness,bns section 356 punishment,0,63,0.0,6.2
Other,Action,cost of legal notice in india for consumer dispute,0,63,0.0,4.4
Legal Notice — Defamation (BNS 356),Action,defamation case bns section,0,63,0.0,4.0
Legal Notice — Money Recovery,Unclassified,legal notice for non payment,0,63,0.0,6.0
Legal Notice — Defamation (BNS 356),Unclassified,defamation legal notice,3,62,4.84,4.5
IPC/BNS & Law Explainers,Unclassified,356 1 bns in hindi,1,62,1.61,8.8
Legal Notice — Generic,Decision,recovery money legal notice format,1,62,1.61,6.0
Legal Notice — Defamation (BNS 356),Unclassified,bns defamation,0,62,0.0,4.6
Business Compliance,Action,online ca for itr filing,0,62,0.0,8.2
Legal Notice — Defamation (BNS 356),Awareness,bns section 356 defamation,0,60,0.0,5.9
Legal Notice — Money Recovery,Unclassified,money recovery suit,0,60,0.0,1.2
Legal Notice — Defamation (BNS 356),Awareness,section for defamation in bns,0,60,0.0,4.1
Legal Notice — Generic,Decision,legal notice format in tamil,3,59,5.08,6.3
Other,Action,cost of legal notice,1,59,1.69,2.6
Agreement & Document Drafting,Unclassified,is legal notice mandatory in consumer cases,1,59,1.69,6.9
Legal Notice — Money Recovery,Unclassified,legal message for recovery of money,1,59,1.69,1.2
Legal Notice — Defamation (BNS 356),Action,defamation notice meaning,0,59,0.0,1.1
Other,Unclassified,legal expert,0,59,0.0,13.6
Lawyer Directory / Consultation,Action,vakil number,0,59,0.0,4.5
Lawyer Directory / Consultation,Action,how much advocate charge for legal notice,0,58,0.0,1.7
Other,Unclassified,settlement rate after legal notice consumer cases india,0,58,0.0,2.8
Other,Unclassified,legal draft bundle free download,2,57,3.51,8.5
Legal Notice — Money Recovery,Decision,legal notice for money recovery format,4,56,7.14,4.3
Lawyer Directory / Consultation,Unclassified,advocate consultation fees,0,56,0.0,11.5
IPC/BNS & Law Explainers,Unclassified,bns sec 356,0,56,0.0,2.6
Lawyer Directory / Consultation,Unclassified,legal notice from lawyer,0,56,0.0,5.0
Other,Unclassified,settlement rate after legal notice consumer disputes india,0,56,0.0,2.9
Other,Unclassified,success rate of legal notice in consumer cases india,0,56,0.0,3.9
Lawyer Directory / Consultation,Unclassified,vakil vakil vakil,0,56,0.0,8.0
Legal Notice — Money Recovery,Unclassified,legal notice for recovery of money under which section,4,55,7.27,3.3
Legal Notice — Consumer,Action,how to send legal notice through consumer court,1,55,1.82,7.6
Legal Notice — Defamation (BNS 356),Unclassified,defamation sec bns,0,55,0.0,2.9
Legal Notice — Money Recovery,Action,how to send a legal notice for recovery of money,0,55,0.0,2.0
Legal Notice — Generic,Action,how to send legal notice online,6,54,11.11,1.6
Legal Notice — Cheque Bounce,Decision,legal notice for cheque bounce format pdf,1,54,1.85,9.6
Legal Notice — Money Recovery,Decision,sample legal notice for recovery of money pdf india,1,54,1.85,7.5
Lawyer Directory / Consultation,Unclassified,vakil case,0,54,0.0,7.0
Other,Action,legal drafts bundle,10,53,18.87,3.8
Other,Action,cost of sending legal notice,7,53,13.21,2.2
Lawyer Directory / Consultation,Decision,advocate notice format,0,53,0.0,11.7
Legal Notice — Defamation (BNS 356),Unclassified,bharatiya nyaya sanhita 2023 defamation section,0,53,0.0,8.7
Legal Notice — Defamation (BNS 356),Awareness,bns 356 2,0,53,0.0,5.5
Legal Notice — Cheque Bounce,Decision,legal notice format for cheque bounce,0,53,0.0,8.2
Other,Unclassified,legal prior notice,0,53,0.0,5.5
Other,Unclassified,court legal notice,1,52,1.92,12.7
Legal Notice — Money Recovery,Decision,sample legal notice for recovery of money in india,1,52,1.92,5.9
Lawyer Directory / Consultation,Action,cost of legal notice through lawyer in india,0,52,0.0,4.9
Other,Unclassified,legall notice,0,52,0.0,11.0
Other,Unclassified,settlement rate after legal notice in consumer cases india,0,52,0.0,2.1
Other,Action,who can send a legal notice,0,52,0.0,8.8
Legal Notice — Generic,Action,legal notice cost in india,1,51,1.96,2.8
Other,Unclassified,send notice,1,51,1.96,9.5
Legal Notice — Defamation (BNS 356),Awareness,bharatiya nyaya sanhita section 356 defamation,0,51,0.0,7.0
Other,Unclassified,can legal notice be sent by speed post,0,51,0.0,6.2
Other,Action,cost of legal notice for consumer dispute india,0,51,0.0,6.2
IPC/BNS & Law Explainers,Unclassified,deformation section in bns,0,51,0.0,5.6
Other,Decision,draft legal notice,0,51,0.0,6.7
Legal Notice — Money Recovery,Decision,how to make legal notice for recovery of money,2,50,4.0,3.2
Other,Unclassified,legal notice for mental harassment,1,50,2.0,2.4
Other,Unclassified,percentage of consumer disputes settled after legal notice india,0,50,0.0,5.8
Legal Notice — Defamation (BNS 356),Awareness,punishment for defamation in bns,0,50,0.0,8.2
Legal Notice — Money Recovery,Decision,sample legal notice for recovery of money pdf free download,3,47,6.38,5.7
Legal Notice — Family (Divorce),Action,send divorce notice online,3,47,6.38,3.0
Legal Notice — Generic,Action,free legal notice online,4,45,8.89,4.4
Other,Unclassified,sending legal notice,5,44,11.36,5.0
Other,Action,cost of sending a legal notice,4,43,9.3,3.6
Legal Notice — Money Recovery,Decision,money recovery legal notice format,4,43,9.3,4.1
Legal Notice — Money Recovery,Unclassified,legal notice money recovery,4,41,9.76,3.8
Legal Notice — Generic,Action,how much does it cost to send legal notice,3,41,7.32,3.1
Other,Action,legal notice send online,6,40,15.0,1.6
Legal Notice — Money Recovery,Unclassified,fake legal notice for money recovery,3,39,7.69,5.6
Other,Awareness,what is the cost of sending legal notice,3,39,7.69,3.3
Other,Unclassified,charges for legal notice,4,38,10.53,3.3
Other,Unclassified,legal draft bundle,7,37,18.92,4.3
Legal Notice — Generic,Action,send legal notice online india,5,35,14.29,1.2
Legal Notice — Generic,Action,how to send legal notice for payment,3,33,9.09,5.4
Legal Notice — Generic,Action,send legal notice to company,7,31,22.58,2.9
Legal Notice — Money Recovery,Unclassified,legal notice for non payment of advocate fees,3,31,9.68,5.6
Lawyer Directory / Consultation,Unclassified,legal notice lawyer,3,30,10.0,5.7
Lawyer Directory / Consultation,Unclassified,legal notice lawyer fees,3,30,10.0,2.8
Legal Notice — Generic,Action,make legal notice online,7,28,25.0,2.2
Legal Notice — Generic,Action,legal notice charges by advocate,3,26,11.54,1.7
Other,Unclassified,legal notice to company,3,26,11.54,9.7
Lawyer Directory / Consultation,Unclassified,vakil tech reviews,9,25,36.0,1.4
Legal Notice — Family (Divorce),Decision,legal notice to husband for maintenance format,3,24,12.5,3.3
Legal Notice — Money Recovery,Unclassified,legal notice for recovery of money from friend,3,23,13.04,2.8
Legal Notice — Property/Landlord,Decision,legal notice for eviction of tenant format,3,22,13.64,3.9
Other,Unclassified,legal drafts,3,17,17.65,15.2
Other,Unclassified,legal notice send,3,17,17.65,1.4
Other,Unclassified,marathi legal drafts,3,16,18.75,8.6
Other,Unclassified,legal notice website,3,13,23.08,1.4
Legal Notice — Generic,Action,file legal notice online,5,11,45.45,1.5
